participant,oci,tertile,module,backbone_bic,module_bic,gain
0,23,High,mb_mf_mixture,394.69002401574505,397.09828839578097,-2.4082643800359165
1,11,Medium,mb_mf_mixture,507.3437557895143,512.6420731559328,-5.29831736641853
2,30,High,mb_mf_mixture,500.0378235007715,496.12230522336336,3.9155182774081254
3,37,High,mb_mf_mixture,427.50000747457807,268.04087961081507,159.459127863763
4,22,High,mb_mf_mixture,526.705444335216,520.2734655564605,6.431978778755592
5,8,Low,mb_mf_mixture,556.177972218536,565.1458738723369,-8.967901653800936
6,54,High,mb_mf_mixture,342.8820638416101,341.7885240689433,1.0935397726668157
7,34,High,mb_mf_mixture,547.3614425838853,550.210515644143,-2.8490730602577514
8,45,High,mb_mf_mixture,518.7714238766288,529.7223496687768,-10.950925792148041
9,22,High,mb_mf_mixture,498.51071641499254,503.76378707086064,-5.2530706558681
10,12,Medium,mb_mf_mixture,510.56038996354596,492.2416865384855,18.31870342506045
11,9,Low,mb_mf_mixture,556.6585435658869,526.9433998118494,29.715143754037513
12,34,High,mb_mf_mixture,476.3330117454608,449.24625652171426,27.086755223746536
13,12,Medium,mb_mf_mixture,476.39079701300983,481.14551783125086,-4.754720818241026
14,26,High,mb_mf_mixture,505.42524685955283,419.8041018232099,85.62114503634291
15,16,Medium,mb_mf_mixture,532.3343622192136,531.1377012317861,1.1966609874275491
16,7,Low,mb_mf_mixture,464.4142109610313,469.5482721284615,-5.134061167430218
17,31,High,mb_mf_mixture,547.5253027297616,552.8236200963188,-5.298317366557171
18,18,Medium,mb_mf_mixture,504.5464868290375,508.29809458165306,-3.7516077526155414
19,12,Medium,mb_mf_mixture,521.7773432681328,471.48408447586877,50.293258792264
20,8,Low,mb_mf_mixture,549.0220715887646,553.3856216296782,-4.363550040913651
21,43,High,mb_mf_mixture,522.3604810475721,521.0041504154885,1.3563306320835409
22,28,High,mb_mf_mixture,537.1838300842356,538.2341281896593,-1.0502981054236216
23,18,Medium,mb_mf_mixture,507.8378047556364,512.1285352064909,-4.290730450854539
24,1,Low,mb_mf_mixture,468.35429360711515,473.6526109736845,-5.298317366569336
25,10,Medium,mb_mf_mixture,528.2706370701143,533.5568577263055,-5.286220656191176
26,16,Medium,mb_mf_mixture,501.2475576812067,493.227647888511,8.019909792695671
27,36,High,mb_mf_mixture,478.3221080002702,479.57321042922126,-1.2511024289510715
28,37,High,mb_mf_mixture,460.1620755841282,334.7998558862422,125.36221969788602
29,7,Low,mb_mf_mixture,443.0139609328264,424.1070559337216,18.906904999104825
30,5,Low,mb_mf_mixture,520.070113553894,524.7345700556184,-4.66445650172443
31,1,Low,mb_mf_mixture,497.8686875451803,503.1670049117294,-5.2983173665490995
32,7,Low,mb_mf_mixture,535.5532338392533,471.2747067059733,64.27852713327997
33,1,Low,mb_mf_mixture,415.85812221672376,421.15643958327206,-5.298317366548304
34,5,Low,mb_mf_mixture,520.4789992191611,462.63122881397106,57.84777040519003
35,13,Medium,mb_mf_mixture,470.7447630198508,561.3778518385532,-90.63308881870239
36,14,Medium,mb_mf_mixture,523.1691057545981,528.467423121138,-5.298317366539891
37,18,Medium,mb_mf_mixture,513.5837745561458,518.8820919226964,-5.298317366550577
38,15,Medium,mb_mf_mixture,499.3817083459795,504.67165795924757,-5.28994961326805
39,1,Low,mb_mf_mixture,404.9756237629317,343.71784756463,61.25777619830171
40,26,High,mb_mf_mixture,494.7485348044421,497.35102370590954,-2.6024889014674386
41,18,Medium,mb_mf_mixture,462.43395018158526,425.26335129649715,37.17059888508811
42,7,Low,mb_mf_mixture,428.26186052352506,433.560177890075,-5.298317366549952
43,18,Medium,mb_mf_mixture,495.3485742341742,424.7193041454553,70.6292700887189
44,10,Medium,mb_mf_mixture,417.11205494004344,421.3259145052433,-4.2138595651998685
45,2,Low,mb_mf_mixture,455.4212812669507,427.91679913989947,27.504482127051233
46,14,Medium,mb_mf_mixture,507.62974592490394,510.4981732167894,-2.868427291885439
47,2,Low,mb_mf_mixture,494.18629806878766,472.7703161946246,21.415981874163037
48,8,Low,mb_mf_mixture,476.8474316165261,478.05485021707807,-1.2074186005519891
49,8,Low,mb_mf_mixture,536.6557085813652,539.8737481425729,-3.2180395612077746
50,28,High,mb_mf_mixture,461.46948420161715,461.0411467825382,0.4283374190789573
51,12,Medium,mb_mf_mixture,408.95066417800786,406.18836609198183,2.7622980860260213
52,11,Medium,mb_mf_mixture,505.7835673125064,511.08188467904426,-5.2983173665378445
53,26,High,mb_mf_mixture,508.4213204313675,513.7196377979311,-5.2983173665635945
54,22,High,mb_mf_mixture,466.44948354053804,442.95438170442515,23.495101836112894
55,13,Medium,mb_mf_mixture,468.24016907398203,362.59733990446495,105.64282916951709
56,8,Low,mb_mf_mixture,395.6738351113202,393.38854131339684,2.285293797923373
57,9,Low,mb_mf_mixture,528.057924821279,516.420666775815,11.637258045464023
58,3,Low,mb_mf_mixture,540.1839392853743,544.2601441848778,-4.076204899503523
59,21,High,mb_mf_mixture,410.0684536964898,407.8396136934902,2.2288400029996183
60,4,Low,mb_mf_mixture,546.0317413255011,549.7760716061097,-3.744330280608551
61,17,Medium,mb_mf_mixture,494.49846264384996,499.01606125663864,-4.5175986127886745
62,30,High,mb_mf_mixture,285.6730430954457,187.37159166963886,98.30145142580682
63,23,High,mb_mf_mixture,517.6166351202978,511.26956566956403,6.347069450733784
64,13,Medium,mb_mf_mixture,527.4555236565693,414.18986994000676,113.26565371656255
65,6,Low,mb_mf_mixture,559.569201578173,543.9903007113313,15.57890086684165
66,13,Medium,mb_mf_mixture,522.2654660932385,497.4331627156988,24.832303377539688
67,15,Medium,mb_mf_mixture,517.483988678761,511.6013628530186,5.882625825742366
68,28,High,mb_mf_mixture,364.6318809511943,315.5903384210689,49.04154253012541
69,37,High,mb_mf_mixture,435.1059833362058,411.6890206524645,23.416962683741303
70,4,Low,mb_mf_mixture,401.4913751114793,406.6896714609258,-5.198296349446537
71,7,Low,mb_mf_mixture,409.912864877297,359.2924325184002,50.620432358896835
72,7,Low,mb_mf_mixture,379.8383722813763,385.13668964792276,-5.298317366546485
73,26,High,mb_mf_mixture,500.9499726072388,506.23708319610887,-5.287110588870064
74,17,Medium,mb_mf_mixture,406.9189964216758,412.0597742262076,-5.140777804531808
75,8,Low,mb_mf_mixture,513.7062844380777,518.1377633066273,-4.431478868549675
76,24,High,mb_mf_mixture,436.7082876254407,442.00660499198835,-5.298317366547678
77,38,High,mb_mf_mixture,493.30074301103156,487.9941779818758,5.306565029155763
78,5,Low,mb_mf_mixture,345.0213345319104,350.25622903713133,-5.23489450522095
79,34,High,mb_mf_mixture,507.7261909526709,513.0041474434305,-5.277956490759607
80,9,Low,mb_mf_mixture,508.4223589157186,513.7206762822602,-5.298317366541653
81,8,Low,mb_mf_mixture,493.223256503132,491.08014529785453,2.143111205277478
82,6,Low,mb_mf_mixture,504.98197162970706,509.9069760815626,-4.925004451855557
83,22,High,mb_mf_mixture,534.034163289051,530.4949485061117,3.5392147829393252
84,23,High,mb_mf_mixture,386.6526469134294,391.95096428005274,-5.298317366623337
85,15,Medium,mb_mf_mixture,396.4536417313451,399.9012909271918,-3.4476491958466795
86,10,Medium,mb_mf_mixture,500.18593405176125,498.36046144740254,1.8254726043587084
87,9,Low,mb_mf_mixture,426.0077165988269,417.7430035653805,8.264713033446412
88,22,High,mb_mf_mixture,478.82908514640036,395.49890501123764,83.33018013516272
89,10,Medium,mb_mf_mixture,540.5410889055739,545.2987020880969,-4.7576131825229595
90,2,Low,mb_mf_mixture,502.34177812237334,483.7303188049806,18.611459317392757
91,14,Medium,mb_mf_mixture,500.2419945995371,505.54031196609617,-5.298317366559047
92,28,High,mb_mf_mixture,497.6705608094208,499.7468421241837,-2.0762813147628663
93,10,Medium,mb_mf_mixture,518.9135031813294,521.5598732154372,-2.646370034107804
94,13,Medium,mb_mf_mixture,534.2535524739801,523.2601711892029,10.993381284777229
95,7,Low,mb_mf_mixture,503.13721107717873,508.43552844372596,-5.298317366547224
96,11,Medium,mb_mf_mixture,382.8321662489237,326.43505968261485,56.39710656630888
97,4,Low,mb_mf_mixture,556.7966128567331,562.0949302232812,-5.298317366548076
98,13,Medium,mb_mf_mixture,431.8268568719677,422.73064643750376,9.096210434463956
99,31,High,mb_mf_mixture,527.7575090938724,525.9420955289377,1.8154135649347154
100,8,Low,mb_mf_mixture,496.53583496340434,452.86344754763593,43.67238741576841
101,20,High,mb_mf_mixture,527.9357863065195,530.902446832719,-2.966660526199462
102,7,Low,mb_mf_mixture,343.2752525303871,317.4503413846969,25.82491114569018
103,38,High,mb_mf_mixture,371.9885043946891,377.2868217612383,-5.298317366549213
104,10,Medium,mb_mf_mixture,457.30370016671156,426.45507943912685,30.848620727584716
105,8,Low,mb_mf_mixture,551.463533928406,557.7389318938322,-6.275397965426123
106,19,High,mb_mf_mixture,452.8290214560761,373.5503067450451,79.278714711031
107,10,Medium,mb_mf_mixture,503.3873377620501,430.351879005664,73.0354587563861
108,17,Medium,mb_mf_mixture,554.9147142936354,560.213031660286,-5.298317366650622
109,52,High,mb_mf_mixture,549.6447731076936,529.5581932335618,20.086579874131758
110,12,Medium,mb_mf_mixture,543.3894681185491,548.6877854851301,-5.2983173665810455
111,36,High,mb_mf_mixture,491.98487080506465,497.283188171622,-5.298317366557342
112,13,Medium,mb_mf_mixture,500.7569806361493,499.78858501279285,0.9683956233564572
113,32,High,mb_mf_mixture,452.09287035867095,406.39552658746663,45.69734377120432
114,9,Low,mb_mf_mixture,490.4092301902283,447.69872044897204,42.71050974125626
115,13,Medium,mb_mf_mixture,499.42083605153806,443.93169649827433,55.489139553263726
116,23,High,mb_mf_mixture,477.18558962751905,482.48390699407094,-5.298317366551885
117,34,High,mb_mf_mixture,498.38851986371293,493.6442482780231,4.74427158568983
118,9,Low,mb_mf_mixture,524.2427457722627,529.5410631388215,-5.2983173665588765
119,21,High,mb_mf_mixture,468.9321557087625,461.29295941990557,7.639196288856908
120,5,Low,mb_mf_mixture,506.9060789149547,501.3970097178208,5.509069197133897
121,15,Medium,mb_mf_mixture,491.3290720096266,496.6273893761789,-5.298317366552283
122,18,Medium,mb_mf_mixture,463.53665749481627,418.3963346061537,45.14032288866258
123,3,Low,mb_mf_mixture,474.6212245583926,479.8111636819713,-5.189939123578711
124,30,High,mb_mf_mixture,465.7368275514324,459.41680609113746,6.3200214602949245
125,42,High,mb_mf_mixture,561.3756554059855,564.926317806101,-3.5506624001154705
126,14,Medium,mb_mf_mixture,424.8741891894545,299.17206061471745,125.70212857473706
127,21,High,mb_mf_mixture,513.0851062033057,511.7255691654158,1.359537037889936
128,9,Low,mb_mf_mixture,426.52582118339177,272.901030686754,153.6247904966378
129,7,Low,mb_mf_mixture,477.50374136447385,467.3989742313822,10.104767133091627
130,4,Low,mb_mf_mixture,398.7184713838577,261.48573801416796,137.23273336968975
131,11,Medium,mb_mf_mixture,538.9614591818611,536.5773278511567,2.3841313307043492
132,3,Low,mb_mf_mixture,483.5022236515379,486.5295713382222,-3.0273476866842657
133,4,Low,mb_mf_mixture,546.4149066613379,446.4810919653546,99.9338146959833
134,6,Low,mb_mf_mixture,515.99227931272,477.5798048601539,38.41247445256613
135,13,Medium,mb_mf_mixture,488.27091333104516,493.55285272595734,-5.281939394912172
136,16,Medium,mb_mf_mixture,433.905235859925,426.54462040252366,7.360615457401366
137,27,High,mb_mf_mixture,503.2465856988118,508.2607183462401,-5.014132647428255
138,21,High,mb_mf_mixture,402.27364757709773,234.34442399862266,167.92922357847507
139,8,Low,mb_mf_mixture,500.3511573769593,436.75130719544694,63.59985018151235
140,17,Medium,mb_mf_mixture,407.0475437552921,407.8088473007267,-0.7613035454346004
141,7,Low,mb_mf_mixture,436.08564273204877,440.3653701254359,-4.279727393387134
142,14,Medium,mb_mf_mixture,318.571242054234,315.1549605725886,3.416281481645399
143,4,Low,mb_mf_mixture,464.7170382745055,394.587001660611,70.1300366138945
144,18,Medium,mb_mf_mixture,491.5567544682888,464.4727209785118,27.08403348977697
145,18,Medium,mb_mf_mixture,410.23236678667496,414.03283152035345,-3.8004647336784956
146,22,High,mb_mf_mixture,511.30229438444593,510.4659205664025,0.8363738180434552
147,18,Medium,mb_mf_mixture,515.6387635913798,520.6099306125803,-4.971167021200586
148,19,High,mb_mf_mixture,449.97301600022814,455.27133336676883,-5.298317366540687
149,21,High,mb_mf_mixture,455.65029099558234,460.94860836214167,-5.298317366559331
0,23,High,eligibility_trace,394.69002401574505,399.9883413822934,-5.2983173665483605
1,11,Medium,eligibility_trace,507.3437557895143,512.64207315594,-5.298317366425692
2,30,High,eligibility_trace,500.0378235007715,505.3361408673249,-5.29831736655342
3,37,High,eligibility_trace,427.50000747457807,432.7983248411251,-5.298317366547053
4,22,High,eligibility_trace,526.705444335216,532.0037617019412,-5.2983173667252
5,8,Low,eligibility_trace,556.177972218536,561.4762895850834,-5.298317366547394
6,54,High,eligibility_trace,342.8820638416101,348.18038120868226,-5.298317367072173
7,34,High,eligibility_trace,547.3614425838853,552.6597599176267,-5.2983173337414655
8,45,High,eligibility_trace,518.7714238766288,524.0697412431896,-5.298317366560809
9,22,High,eligibility_trace,498.51071641499254,503.8090337815486,-5.298317366556034
10,12,Medium,eligibility_trace,510.56038996354596,515.85870733005,-5.2983173665040795
11,9,Low,eligibility_trace,556.6585435658869,561.9568609323686,-5.298317366481683
12,34,High,eligibility_trace,476.3330117454608,481.63132911200853,-5.298317366547735
13,12,Medium,eligibility_trace,476.39079701300983,481.68911437955813,-5.298317366548304
14,26,High,eligibility_trace,505.42524685955283,510.7235642261083,-5.298317366555466
15,16,Medium,eligibility_trace,532.3343622192136,537.6326795857914,-5.2983173665777485
16,7,Low,eligibility_trace,464.4142109610313,469.7125283275725,-5.298317366541198
17,31,High,eligibility_trace,547.5253027297616,552.8236200963169,-5.2983173665552386
18,18,Medium,eligibility_trace,504.5464868290375,509.844804195584,-5.298317366546485
19,12,Medium,eligibility_trace,521.7773432681328,527.0756606346828,-5.298317366550009
20,8,Low,eligibility_trace,549.0220715887646,554.3203889555443,-5.29831736677977
21,43,High,eligibility_trace,522.3604810475721,527.6587984102161,-5.29831736264407
22,28,High,eligibility_trace,537.1838300842356,542.482147450391,-5.298317366155402
23,18,Medium,eligibility_trace,507.8378047556364,513.1361221221823,-5.298317366545916
24,1,Low,eligibility_trace,468.35429360711515,473.6526109736706,-5.298317366555466
25,10,Medium,eligibility_trace,528.2706370701143,533.5689544366207,-5.298317366506467
26,16,Medium,eligibility_trace,501.2475576812067,506.5458750477014,-5.2983173664947
27,36,High,eligibility_trace,478.3221080002702,483.6204253668173,-5.29831736654711
28,37,High,eligibility_trace,460.1620755841282,465.4603929506659,-5.298317366537674
29,7,Low,eligibility_trace,443.0139609328264,448.31227829981776,-5.298317366991341
30,5,Low,eligibility_trace,520.070113553894,525.3684309196582,-5.2983173657642055
31,1,Low,eligibility_trace,497.8686875451803,503.16700491172986,-5.298317366549554
32,7,Low,eligibility_trace,535.5532338392533,540.8515512058152,-5.298317366561946
33,1,Low,eligibility_trace,415.85812221672376,421.15643958327206,-5.298317366548304
34,5,Low,eligibility_trace,520.4789992191611,525.7773165762185,-5.298317357057385
35,13,Medium,eligibility_trace,470.7447630198508,476.0934528763276,-5.348689856476824
36,14,Medium,eligibility_trace,523.1691057545981,528.4674231211444,-5.298317366546257
37,18,Medium,eligibility_trace,513.5837745561458,518.8820919226944,-5.298317366548531
38,15,Medium,eligibility_trace,499.3817083459795,504.6800257125447,-5.298317366565186
39,1,Low,eligibility_trace,404.9756237629317,410.27394112947695,-5.298317366545234
40,26,High,eligibility_trace,494.7485348044421,500.046852454061,-5.298317649618923
41,18,Medium,eligibility_trace,462.43395018158526,467.73226754815914,-5.298317366573883
42,7,Low,eligibility_trace,428.26186052352506,433.56017789007524,-5.2983173665501795
43,18,Medium,eligibility_trace,495.3485742341742,500.64689160071276,-5.298317366538583
44,10,Medium,eligibility_trace,417.11205494004344,422.41037230659197,-5.298317366548531
45,2,Low,eligibility_trace,455.4212812669507,460.71959863350133,-5.298317366550634
46,14,Medium,eligibility_trace,507.62974592490394,512.9280632913951,-5.298317366491176
47,2,Low,eligibility_trace,494.18629806878766,499.48461543533443,-5.298317366546769
48,8,Low,eligibility_trace,476.8474316165261,482.14574898307467,-5.298317366548588
49,8,Low,eligibility_trace,536.6557085813652,541.95402594789,-5.298317366524884
50,28,High,eligibility_trace,461.46948420161715,466.7678015681724,-5.2983173665552386
51,12,Medium,eligibility_trace,408.95066417800786,414.2489815445403,-5.298317366532444
52,11,Medium,eligibility_trace,505.7835673125064,511.08188467906973,-5.29831736656331
53,26,High,eligibility_trace,508.4213204313675,513.7196377979657,-5.298317366598155
54,22,High,eligibility_trace,466.44948354053804,471.7478009070922,-5.2983173665541585
55,13,Medium,eligibility_trace,468.24016907398203,473.5384864405339,-5.298317366551885
56,8,Low,eligibility_trace,395.6738351113202,400.9721524778701,-5.298317366549895
57,9,Low,eligibility_trace,528.057924821279,533.3562421877594,-5.298317366480433
58,3,Low,eligibility_trace,540.1839392853743,545.4822566518711,-5.2983173664968035
59,21,High,eligibility_trace,410.0684536964898,415.36677106301,-5.298317366520166
60,4,Low,eligibility_trace,546.0317413255011,551.3300586920615,-5.2983173665603545
61,17,Medium,eligibility_trace,494.49846264384996,499.796780010406,-5.298317366556034
62,30,High,eligibility_trace,285.6730430954457,290.9713604619975,-5.298317366551828
63,23,High,eligibility_trace,517.6166351202978,522.9149524868754,-5.298317366577635
64,13,Medium,eligibility_trace,527.4555236565693,532.7538410230464,-5.298317366477136
65,6,Low,eligibility_trace,559.569201578173,553.2552066770286,6.313994901144383
66,13,Medium,eligibility_trace,522.2654660932385,527.5637834597858,-5.2983173665472805
67,15,Medium,eligibility_trace,517.483988678761,522.7823060452973,-5.2983173665363665
68,28,High,eligibility_trace,364.6318809511943,369.93019831772403,-5.298317366529716
69,37,High,eligibility_trace,435.1059833362058,440.4043007027549,-5.2983173665490995
70,4,Low,eligibility_trace,401.4913751114793,406.7896924781029,-5.298317366623621
71,7,Low,eligibility_trace,409.912864877297,415.21118224381297,-5.29831736651596
72,7,Low,eligibility_trace,379.8383722813763,385.1366896479226,-5.298317366546314
73,26,High,eligibility_trace,500.9499726072388,506.24828997378046,-5.298317366541653
74,17,Medium,eligibility_trace,406.9189964216758,412.2173137882234,-5.2983173665476215
75,8,Low,eligibility_trace,513.7062844380777,519.0046018046244,-5.298317366546712
76,24,High,eligibility_trace,436.7082876254407,442.0066049919993,-5.298317366558649
77,38,High,eligibility_trace,493.30074301103156,498.5990603775887,-5.298317366557171
78,5,Low,eligibility_trace,345.0213345319104,350.31965189846755,-5.298317366557171
79,34,High,eligibility_trace,507.7261909526709,513.0245083192286,-5.29831736655774
80,9,Low,eligibility_trace,508.4223589157186,513.7206762822515,-5.298317366532899
81,8,Low,eligibility_trace,493.223256503132,498.5215738696677,-5.298317366535684
82,6,Low,eligibility_trace,504.98197162970706,510.2802889962512,-5.298317366544154
83,22,High,eligibility_trace,534.034163289051,539.3324806555238,-5.298317366472816
84,23,High,eligibility_trace,386.6526469134294,391.9509642799795,-5.298317366550066
85,15,Medium,eligibility_trace,396.4536417313451,401.751959097887,-5.29831736654188
86,10,Medium,eligibility_trace,500.18593405176125,505.4842514185711,-5.29831736680984
87,9,Low,eligibility_trace,426.0077165988269,431.3060339653929,-5.298317366565982
88,22,High,eligibility_trace,478.82908514640036,484.13857462641295,-5.309489480012587
89,10,Medium,eligibility_trace,540.5410889055739,545.8394062720146,-5.298317366440642
90,2,Low,eligibility_trace,502.34177812237334,507.6400954889122,-5.298317366538868
91,14,Medium,eligibility_trace,500.2419945995371,505.5403119660943,-5.298317366557171
92,28,High,eligibility_trace,497.6705608094208,502.9688781759577,-5.298317366536878
93,10,Medium,eligibility_trace,518.9135031813294,524.2118205478585,-5.298317366529091
94,13,Medium,eligibility_trace,534.2535524739801,539.5518698405266,-5.298317366546485
95,7,Low,eligibility_trace,503.13721107717873,508.4355284437431,-5.29831736656439
96,11,Medium,eligibility_trace,382.8321662489237,388.1304836154716,-5.298317366547849
97,4,Low,eligibility_trace,556.7966128567331,562.0949302232812,-5.298317366548076
98,13,Medium,eligibility_trace,431.8268568719677,437.12517423851943,-5.298317366551714
99,31,High,eligibility_trace,527.7575090938724,533.0558264604196,-5.298317366547167
100,8,Low,eligibility_trace,496.53583496340434,501.83415232994986,-5.298317366545518
101,20,High,eligibility_trace,527.9357863065195,533.2341036731092,-5.298317366589686
102,7,Low,eligibility_trace,343.2752525303871,348.5735698969408,-5.298317366553704
103,38,High,eligibility_trace,371.9885043946891,377.2868217612415,-5.298317366552453
104,10,Medium,eligibility_trace,457.30370016671156,462.60201753325913,-5.298317366547565
105,8,Low,eligibility_trace,551.463533928406,556.7618512947358,-5.2983173663297976
106,19,High,eligibility_trace,452.8290214560761,458.1273388226202,-5.298317366544097
107,10,Medium,eligibility_trace,503.3873377620501,508.6856551285857,-5.298317366535628
108,17,Medium,eligibility_trace,554.9147142936354,560.2130316602038,-5.298317366568426
109,52,High,eligibility_trace,549.6447731076936,561.484936298417,-11.840163190723388
110,12,Medium,eligibility_trace,543.3894681185491,548.6877854850985,-5.2983173665494405
111,36,High,eligibility_trace,491.98487080506465,497.2831881716205,-5.298317366555864
112,13,Medium,eligibility_trace,500.7569806361493,506.0552980220948,-5.298317385945495
113,32,High,eligibility_trace,452.09287035867095,457.3910970041734,-5.298226645502439
114,9,Low,eligibility_trace,490.4092301902283,495.7075475567831,-5.298317366554784
115,13,Medium,eligibility_trace,499.42083605153806,498.19559628928596,1.2252397622521016
116,23,High,eligibility_trace,477.18558962751905,482.4839069940666,-5.298317366547565
117,34,High,eligibility_trace,498.38851986371293,503.68683723026766,-5.298317366554727
118,9,Low,eligibility_trace,524.2427457722627,529.5410631388156,-5.298317366552965
119,21,High,eligibility_trace,468.9321557087625,474.23047307521796,-5.298317366455478
120,5,Low,eligibility_trace,506.9060789149547,512.2043962815159,-5.29831736656115
121,15,Medium,eligibility_trace,491.3290720096266,496.6273893761739,-5.2983173665472805
122,18,Medium,eligibility_trace,463.53665749481627,468.8349748613644,-5.298317366548133
123,3,Low,eligibility_trace,474.6212245583926,479.91954192495257,-5.2983173665599566
124,30,High,eligibility_trace,465.7368275514324,471.035144917987,-5.298317366554613
125,42,High,eligibility_trace,561.3756554059855,566.678330296277,-5.302674890291428
126,14,Medium,eligibility_trace,424.8741891894545,430.17250655604505,-5.298317366590538
127,21,High,eligibility_trace,513.0851062033057,518.383423569848,-5.298317366542278
128,9,Low,eligibility_trace,426.52582118339177,431.8241385499403,-5.298317366548531
129,7,Low,eligibility_trace,477.50374136447385,482.8020587310198,-5.298317366545973
130,4,Low,eligibility_trace,398.7184713838577,404.0167887503995,-5.298317366541767
131,11,Medium,eligibility_trace,538.9614591818611,544.2597765534483,-5.298317371587245
132,3,Low,eligibility_trace,483.5022236515379,488.8005410180885,-5.298317366550577
133,4,Low,eligibility_trace,546.4149066613379,556.7383948650488,-10.323488203710895
134,6,Low,eligibility_trace,515.99227931272,521.2905966792681,-5.298317366548076
135,13,Medium,eligibility_trace,488.27091333104516,493.56923069765645,-5.298317366611286
136,16,Medium,eligibility_trace,433.905235859925,439.20355322647134,-5.298317366546314
137,27,High,eligibility_trace,503.2465856988118,503.78371505324554,-0.5371293544337163
138,21,High,eligibility_trace,402.27364757709773,407.5719649228745,-5.298317345776752
139,8,Low,eligibility_trace,500.3511573769593,505.6494747436844,-5.298317366725087
140,17,Medium,eligibility_trace,407.0475437552921,412.34586112184076,-5.298317366548645
141,7,Low,eligibility_trace,436.08564273204877,441.38396009859514,-5.298317366546371
142,14,Medium,eligibility_trace,318.571242054234,323.869559420782,-5.298317366548019
143,4,Low,eligibility_trace,464.7170382745055,470.0153556410575,-5.2983173665519985
144,18,Medium,eligibility_trace,491.5567544682888,496.85507183485186,-5.298317366563083
145,18,Medium,eligibility_trace,410.23236678667496,415.5306841532328,-5.298317366557853
146,22,High,eligibility_trace,511.30229438444593,516.6006117509683,-5.298317366522326
147,18,Medium,eligibility_trace,515.6387635913798,520.9370809579258,-5.29831736654603
148,19,High,eligibility_trace,449.97301600022814,455.2713333667683,-5.298317366540175
149,21,High,eligibility_trace,455.65029099558234,460.94860836212644,-5.298317366544097
0,23,High,stage1_stickiness,394.69002401574505,316.3132531210292,78.37677089471583
1,11,Medium,stage1_stickiness,507.3437557895143,429.8163833610796,77.52737242843472
2,30,High,stage1_stickiness,500.0378235007715,428.90796076526095,71.12986273551053
3,37,High,stage1_stickiness,427.50000747457807,182.67831229289078,244.8216951816873
4,22,High,stage1_stickiness,526.705444335216,478.7731178167115,47.93232651850457
5,8,Low,stage1_stickiness,556.177972218536,520.9669744305132,35.21099778802272
6,54,High,stage1_stickiness,342.8820638416101,261.4472257626305,81.43483807897957
7,34,High,stage1_stickiness,547.3614425838853,529.3525504168049,18.008892167080376
8,45,High,stage1_stickiness,518.7714238766288,503.5139627988064,15.25746107782237
9,22,High,stage1_stickiness,498.51071641499254,459.2361383483466,39.274578066645915
10,12,Medium,stage1_stickiness,510.56038996354596,458.90676837110203,51.653621592443926
11,9,Low,stage1_stickiness,556.6585435658869,353.30222498626205,203.35631857962488
12,34,High,stage1_stickiness,476.3330117454608,386.60128143450004,89.73173031096076
13,12,Medium,stage1_stickiness,476.39079701300983,408.3839085920041,68.00688842100573
14,26,High,stage1_stickiness,505.42524685955283,337.2039282268033,168.2213186327495
15,16,Medium,stage1_stickiness,532.3343622192136,486.45394957018385,45.88041264902978
16,7,Low,stage1_stickiness,464.4142109610313,342.91956433851414,121.49464662251717
17,31,High,stage1_stickiness,547.5253027297616,552.094794335903,-4.569491606141355
18,18,Medium,stage1_stickiness,504.5464868290375,442.241491206735,62.3049956223025
19,12,Medium,stage1_stickiness,521.7773432681328,380.21923923146875,141.55810403666402
20,8,Low,stage1_stickiness,549.0220715887646,553.7621342955514,-4.74006270678683
21,43,High,stage1_stickiness,522.3604810475721,504.5513527663055,17.809128281266567
22,28,High,stage1_stickiness,537.1838300842356,483.5278526312473,53.65597745298834
23,18,Medium,stage1_stickiness,507.8378047556364,493.9257448816975,13.912059873938915
24,1,Low,stage1_stickiness,468.35429360711515,402.04161959353775,66.3126740135774
25,10,Medium,stage1_stickiness,528.2706370701143,522.4502667500776,5.820370320036659
26,16,Medium,stage1_stickiness,501.2475576812067,359.7841537629195,141.46340391828716
27,36,High,stage1_stickiness,478.3221080002702,424.2999388295443,54.022169170725874
28,37,High,stage1_stickiness,460.1620755841282,256.34154429928395,203.82053128484426
29,7,Low,stage1_stickiness,443.0139609328264,289.07581674775594,153.93814418507048
30,5,Low,stage1_stickiness,520.070113553894,491.40410983610394,28.666003717790034
31,1,Low,stage1_stickiness,497.8686875451803,349.5748880776551,148.29379946752522
32,7,Low,stage1_stickiness,535.5532338392533,368.630216128365,166.92301771088825
33,1,Low,stage1_stickiness,415.85812221672376,311.29165125577003,104.56647096095372
34,5,Low,stage1_stickiness,520.4789992191611,344.7881619820328,175.69083723712828
35,13,Medium,stage1_stickiness,470.7447630198508,450.9945535030646,19.750209516786185
36,14,Medium,stage1_stickiness,523.1691057545981,490.2613966492093,32.90770910538885
37,18,Medium,stage1_stickiness,513.5837745561458,496.3744621130657,17.209312443080137
38,15,Medium,stage1_stickiness,499.3817083459795,459.888459201784,39.493249144195545
39,1,Low,stage1_stickiness,404.9756237629317,276.35956047838783,128.61606328454388
40,26,High,stage1_stickiness,494.7485348044421,391.5490919933964,103.19944281104569
41,18,Medium,stage1_stickiness,462.43395018158526,259.81099803282643,202.62295214875883
42,7,Low,stage1_stickiness,428.26186052352506,345.60204138996573,82.65981913355932
43,18,Medium,stage1_stickiness,495.3485742341742,329.0986105832027,166.2499636509715
44,10,Medium,stage1_stickiness,417.11205494004344,345.9962296430094,71.11582529703401
45,2,Low,stage1_stickiness,455.4212812669507,294.6513807302749,160.76990053667578
46,14,Medium,stage1_stickiness,507.62974592490394,486.65021197124327,20.979533953660678
47,2,Low,stage1_stickiness,494.18629806878766,358.60808672868916,135.5782113400985
48,8,Low,stage1_stickiness,476.8474316165261,390.10990396564546,86.73752765088062
49,8,Low,stage1_stickiness,536.6557085813652,508.94595039284627,27.70975818851889
50,28,High,stage1_stickiness,461.46948420161715,362.9518468303346,98.51763737128255
51,12,Medium,stage1_stickiness,408.95066417800786,376.09448804436266,32.85617613364519
52,11,Medium,stage1_stickiness,505.7835673125064,453.90410693212954,51.879460380376884
53,26,High,stage1_stickiness,508.4213204313675,502.20584578833706,6.215474643030461
54,22,High,stage1_stickiness,466.44948354053804,388.8141209323711,77.63536260816693
55,13,Medium,stage1_stickiness,468.24016907398203,288.6144064508695,179.6257626231125
56,8,Low,stage1_stickiness,395.6738351113202,318.36787416263576,77.30596094868446
57,9,Low,stage1_stickiness,528.057924821279,445.4467378368164,82.61118698446262
58,3,Low,stage1_stickiness,540.1839392853743,529.2499371898693,10.93400209550498
59,21,High,stage1_stickiness,410.0684536964898,316.75576929154903,93.3126844049408
60,4,Low,stage1_stickiness,546.0317413255011,537.1640456384232,8.867695687077912
61,17,Medium,stage1_stickiness,494.49846264384996,449.42754982360344,45.07091282024652
62,30,High,stage1_stickiness,285.6730430954457,166.67136091822655,119.00168217721912
63,23,High,stage1_stickiness,517.6166351202978,465.38741065964444,52.22922446065337
64,13,Medium,stage1_stickiness,527.4555236565693,280.4878012422118,246.96772241435752
65,6,Low,stage1_stickiness,559.569201578173,484.59172132897004,74.97748024920293
66,13,Medium,stage1_stickiness,522.2654660932385,401.70216047132135,120.56330562191715
67,15,Medium,stage1_stickiness,517.483988678761,385.9062660882569,131.57772259050404
68,28,High,stage1_stickiness,364.6318809511943,232.32573314442422,132.3061478067701
69,37,High,stage1_stickiness,435.1059833362058,269.8288991141748,165.27708422203096
70,4,Low,stage1_stickiness,401.4913751114793,335.2118471279983,66.27952798348099
71,7,Low,stage1_stickiness,409.912864877297,277.5792402387126,132.3336246385844
72,7,Low,stage1_stickiness,379.8383722813763,337.1122199960517,42.72615228532459
73,26,High,stage1_stickiness,500.9499726072388,489.9743647243594,10.975607882879387
74,17,Medium,stage1_stickiness,406.9189964216758,332.628442653167,74.2905537685088
75,8,Low,stage1_stickiness,513.7062844380777,487.0424551513137,26.663829286763985
76,24,High,stage1_stickiness,436.7082876254407,356.15666313623586,80.55162448920481
77,38,High,stage1_stickiness,493.30074301103156,437.34158206794865,55.95916094308291
78,5,Low,stage1_stickiness,345.0213345319104,302.4862415981325,42.53509293377789
79,34,High,stage1_stickiness,507.7261909526709,510.5016209313737,-2.775429978702789
80,9,Low,stage1_stickiness,508.4223589157186,426.59620587285906,81.82615304285952
81,8,Low,stage1_stickiness,493.223256503132,379.4205204942807,113.8027360088513
82,6,Low,stage1_stickiness,504.98197162970706,489.74166030981206,15.240311319895
83,22,High,stage1_stickiness,534.034163289051,439.09597562993395,94.93818765911703
84,23,High,stage1_stickiness,386.6526469134294,322.5546990202533,64.09794789317613
85,15,Medium,stage1_stickiness,396.4536417313451,369.84450085044386,26.609140880901236
86,10,Medium,stage1_stickiness,500.18593405176125,364.41111370254896,135.7748203492123
87,9,Low,stage1_stickiness,426.0077165988269,380.37385305053044,45.63386354829646
88,22,High,stage1_stickiness,478.82908514640036,378.7048049244355,100.12428022196485
89,10,Medium,stage1_stickiness,540.5410889055739,519.7395968104239,20.801492095150024
90,2,Low,stage1_stickiness,502.34177812237334,332.82915504451546,169.51262307785788
91,14,Medium,stage1_stickiness,500.2419945995371,482.48618902328997,17.755805576247155
92,28,High,stage1_stickiness,497.6705608094208,478.8469845111304,18.82357629829039
93,10,Medium,stage1_stickiness,518.9135031813294,463.3698687186609,55.54363446266848
94,13,Medium,stage1_stickiness,534.2535524739801,482.2631314968026,51.99042097717751
95,7,Low,stage1_stickiness,503.13721107717873,445.75278513156746,57.38442594561127
96,11,Medium,stage1_stickiness,382.8321662489237,230.20796250345995,152.62420374546377
97,4,Low,stage1_stickiness,556.7966128567331,547.6567798923045,9.139832964428592
98,13,Medium,stage1_stickiness,431.8268568719677,367.5759174498601,64.25093942210759
99,31,High,stage1_stickiness,527.7575090938724,440.2007243306131,87.55678476325926
100,8,Low,stage1_stickiness,496.53583496340434,380.09374711455087,116.44208784885348
101,20,High,stage1_stickiness,527.9357863065195,431.1019682300472,96.83381807647231
102,7,Low,stage1_stickiness,343.2752525303871,249.16483520348712,94.11041732689998
103,38,High,stage1_stickiness,371.9885043946891,288.75879061097277,83.2297137837163
104,10,Medium,stage1_stickiness,457.30370016671156,310.9543261256271,146.34937404108445
105,8,Low,stage1_stickiness,551.463533928406,554.2232813396405,-2.759747411234457
106,19,High,stage1_stickiness,452.8290214560761,331.5845330341137,121.24448842196239
107,10,Medium,stage1_stickiness,503.3873377620501,421.96153614777563,81.42580161427446
108,17,Medium,stage1_stickiness,554.9147142936354,560.2026948603374,-5.287980566702004
109,52,High,stage1_stickiness,549.6447731076936,432.57457755360116,117.07019555409244
110,12,Medium,stage1_stickiness,543.3894681185491,475.6341403325201,67.755327786029
111,36,High,stage1_stickiness,491.98487080506465,448.3012593288523,43.68361147621232
112,13,Medium,stage1_stickiness,500.7569806361493,448.08303767543856,52.67394296071075
113,32,High,stage1_stickiness,452.09287035867095,273.6924538399853,178.40041651868563
114,9,Low,stage1_stickiness,490.4092301902283,360.323402033356,130.0858281568723
115,13,Medium,stage1_stickiness,499.42083605153806,330.386066726777,169.03476932476104
116,23,High,stage1_stickiness,477.18558962751905,438.85262860155575,38.3329610259633
117,34,High,stage1_stickiness,498.38851986371293,430.77207001988415,67.61644984382878
118,9,Low,stage1_stickiness,524.2427457722627,506.86375487283703,17.378990899425617
119,21,High,stage1_stickiness,468.9321557087625,328.0299647688909,140.90219093987156
120,5,Low,stage1_stickiness,506.9060789149547,484.15830739569725,22.74777151925747
121,15,Medium,stage1_stickiness,491.3290720096266,392.58342484445757,98.74564716516903
122,18,Medium,stage1_stickiness,463.53665749481627,305.1660254273653,158.37063206745097
123,3,Low,stage1_stickiness,474.6212245583926,431.48824880854534,43.132975749847276
124,30,High,stage1_stickiness,465.7368275514324,410.26773534245905,55.469092208973336
125,42,High,stage1_stickiness,561.3756554059855,560.9619272604235,0.4137281455620041
126,14,Medium,stage1_stickiness,424.8741891894545,230.6423817494148,194.23180744003972
127,21,High,stage1_stickiness,513.0851062033057,379.2430835470624,133.84202265624333
128,9,Low,stage1_stickiness,426.52582118339177,181.4380719240893,245.08774925930248
129,7,Low,stage1_stickiness,477.50374136447385,410.2446406825205,67.25910068195333
130,4,Low,stage1_stickiness,398.7184713838577,183.1507495830395,215.56772180081822
131,11,Medium,stage1_stickiness,538.9614591818611,329.0919899114303,209.86946927043078
132,3,Low,stage1_stickiness,483.5022236515379,393.54988331975534,89.95234033178258
133,4,Low,stage1_stickiness,546.4149066613379,304.3508112692601,242.06409539207783
134,6,Low,stage1_stickiness,515.99227931272,387.79706961737094,128.1952096953491
135,13,Medium,stage1_stickiness,488.27091333104516,419.0541572036193,69.21675612742587
136,16,Medium,stage1_stickiness,433.905235859925,310.99344462992417,122.91179123000086
137,27,High,stage1_stickiness,503.2465856988118,495.9924098449823,7.2541758538295085
138,21,High,stage1_stickiness,402.27364757709773,188.69210392778058,213.58154364931715
139,8,Low,stage1_stickiness,500.3511573769593,313.0048623574583,187.34629501950099
140,17,Medium,stage1_stickiness,407.0475437552921,302.7749571433966,104.27258661189552
141,7,Low,stage1_stickiness,436.08564273204877,391.95529207794755,44.13035065410122
142,14,Medium,stage1_stickiness,318.571242054234,244.83700461936934,73.73423743486467
143,4,Low,stage1_stickiness,464.7170382745055,322.358564974309,142.35847330019652
144,18,Medium,stage1_stickiness,491.5567544682888,319.80012622405627,171.7566282442325
145,18,Medium,stage1_stickiness,410.23236678667496,265.57052567504763,144.66184111162733
146,22,High,stage1_stickiness,511.30229438444593,365.4546581468578,145.84763623758812
147,18,Medium,stage1_stickiness,515.6387635913798,408.0017322559811,107.63703133539866
148,19,High,stage1_stickiness,449.97301600022814,332.8444505780022,117.12856542222596
149,21,High,stage1_stickiness,455.65029099558234,319.4395052185571,136.21078577702525
0,23,High,stage2_stickiness,394.69002401574505,394.6216249401949,0.06839907555013269
1,11,Medium,stage2_stickiness,507.3437557895143,512.2667167868151,-4.922960997300777
2,30,High,stage2_stickiness,500.0378235007715,504.6655870085008,-4.6277635077292985
3,37,High,stage2_stickiness,427.50000747457807,411.3047965577171,16.195210916860958
4,22,High,stage2_stickiness,526.705444335216,528.5091129982208,-1.8036686630047143
5,8,Low,stage2_stickiness,556.177972218536,558.0608387882842,-1.8828665697482165
6,54,High,stage2_stickiness,342.8820638416101,346.5531754259205,-3.671111584310381
7,34,High,stage2_stickiness,547.3614425838853,552.371655755166,-5.010213171280725
8,45,High,stage2_stickiness,518.7714238766288,511.4580704153956,7.313353461233191
9,22,High,stage2_stickiness,498.51071641499254,503.7309134451645,-5.22019703017196
10,12,Medium,stage2_stickiness,510.56038996354596,508.5381194264353,2.0222705371106713
11,9,Low,stage2_stickiness,556.6585435658869,397.09019301156303,159.5683505543239
12,34,High,stage2_stickiness,476.3330117454608,481.01762752582266,-4.684615780361867
13,12,Medium,stage2_stickiness,476.39079701300983,481.58872607086283,-5.197929057853003
14,26,High,stage2_stickiness,505.42524685955283,527.108450455934,-21.683203596381134
15,16,Medium,stage2_stickiness,532.3343622192136,534.0352560471006,-1.7008938278869437
16,7,Low,stage2_stickiness,464.4142109610313,467.18547862565606,-2.7712676646247587
17,31,High,stage2_stickiness,547.5253027297616,552.2634118794027,-4.7381091496411045
18,18,Medium,stage2_stickiness,504.5464868290375,509.72243300372924,-5.175946174691717
19,12,Medium,stage2_stickiness,521.7773432681328,526.9440559913949,-5.166712723262094
20,8,Low,stage2_stickiness,549.0220715887646,553.2871237429955,-4.265052154230943
21,43,High,stage2_stickiness,522.3604810475721,508.84924659406994,13.51123445350214
22,28,High,stage2_stickiness,537.1838300842356,538.9047101414869,-1.7208800572512928
23,18,Medium,stage2_stickiness,507.8378047556364,511.30483675325746,-3.4670319976210635
24,1,Low,stage2_stickiness,468.35429360711515,473.6210764330213,-5.266782825906148
25,10,Medium,stage2_stickiness,528.2706370701143,532.3209117008017,-4.050274630687454
26,16,Medium,stage2_stickiness,501.2475576812067,496.10025105328714,5.147306627919534
27,36,High,stage2_stickiness,478.3221080002702,482.36469027671274,-4.042582276442545
28,37,High,stage2_stickiness,460.1620755841282,465.40576963744525,-5.243694053317029
29,7,Low,stage2_stickiness,443.0139609328264,445.0130462226001,-1.9990852897736886
30,5,Low,stage2_stickiness,520.070113553894,520.2689091329477,-0.19879557905369438
31,1,Low,stage2_stickiness,497.8686875451803,496.9519630748495,0.9167244703307915
32,7,Low,stage2_stickiness,535.5532338392533,534.4036281212568,1.149605717996451
33,1,Low,stage2_stickiness,415.85812221672376,421.0435134076476,-5.185391190923838
34,5,Low,stage2_stickiness,520.4789992191611,524.92752631351,-4.448527094348947
35,13,Medium,stage2_stickiness,470.7447630198508,454.629421158618,16.115341861232764
36,14,Medium,stage2_stickiness,523.1691057545981,528.3670799257234,-5.1979741711252245
37,18,Medium,stage2_stickiness,513.5837745561458,515.0309570184925,-1.4471824623466318
38,15,Medium,stage2_stickiness,499.3817083459795,504.09146985524114,-4.709761509261625
39,1,Low,stage2_stickiness,404.9756237629317,409.55871910543516,-4.583095342503441
40,26,High,stage2_stickiness,494.7485348044421,498.98623860200956,-4.2377037975674625
41,18,Medium,stage2_stickiness,462.43395018158526,465.712100528817,-3.278150347231758
42,7,Low,stage2_stickiness,428.26186052352506,431.93635559817824,-3.67449507465318
43,18,Medium,stage2_stickiness,495.3485742341742,492.3217976168986,3.026776617275573
44,10,Medium,stage2_stickiness,417.11205494004344,418.80489465161065,-1.692839711567217
45,2,Low,stage2_stickiness,455.4212812669507,460.50381763961025,-5.082536372659547
46,14,Medium,stage2_stickiness,507.62974592490394,510.4273729708094,-2.7976270459054717
47,2,Low,stage2_stickiness,494.18629806878766,495.0205860640952,-0.834287995307534
48,8,Low,stage2_stickiness,476.8474316165261,477.78263112901044,-0.9351995124843597
49,8,Low,stage2_stickiness,536.6557085813652,541.8949229073204,-5.239214325955231
50,28,High,stage2_stickiness,461.46948420161715,462.66375359691835,-1.1942693953012053
51,12,Medium,stage2_stickiness,408.95066417800786,384.1723808612005,24.778283316807347
52,11,Medium,stage2_stickiness,505.7835673125064,505.51454921791856,0.26901809458786374
53,26,High,stage2_stickiness,508.4213204313675,512.0256731029978,-3.604352671630238
54,22,High,stage2_stickiness,466.44948354053804,446.6250287432674,19.82445479727062
55,13,Medium,stage2_stickiness,468.24016907398203,473.5287014708763,-5.288532396894254
56,8,Low,stage2_stickiness,395.6738351113202,399.93823212970995,-4.2643970183897295
57,9,Low,stage2_stickiness,528.057924821279,515.7765117928657,12.28141302841334
58,3,Low,stage2_stickiness,540.1839392853743,541.7414824165304,-1.5575431311560806
59,21,High,stage2_stickiness,410.0684536964898,413.24457921556603,-3.1761255190762085
60,4,Low,stage2_stickiness,546.0317413255011,550.7441414111715,-4.712400085670424
61,17,Medium,stage2_stickiness,494.49846264384996,498.30447135328524,-3.8060087094352753
62,30,High,stage2_stickiness,285.6730430954457,288.5256942616305,-2.8526511661848417
63,23,High,stage2_stickiness,517.6166351202978,521.0087416689831,-3.3921065486853195
64,13,Medium,stage2_stickiness,527.4555236565693,527.1006874420855,0.3548362144838393
65,6,Low,stage2_stickiness,559.569201578173,552.7849412925332,6.784260285639789
66,13,Medium,stage2_stickiness,522.2654660932385,527.5211768434212,-5.255710750182743
67,15,Medium,stage2_stickiness,517.483988678761,519.1149760412441,-1.630987362483097
68,28,High,stage2_stickiness,364.6318809511943,338.2494203912298,26.3824605599645
69,37,High,stage2_stickiness,435.1059833362058,437.9794245335084,-2.8734411973026113
70,4,Low,stage2_stickiness,401.4913751114793,398.5634357591216,2.9279393523576687
71,7,Low,stage2_stickiness,409.912864877297,414.57622420658606,-4.663359329289051
72,7,Low,stage2_stickiness,379.8383722813763,379.02546790116435,0.8129043802119327
73,26,High,stage2_stickiness,500.9499726072388,504.5360746478719,-3.5861020406330795
74,17,Medium,stage2_stickiness,406.9189964216758,412.07869789799474,-5.159701476318958
75,8,Low,stage2_stickiness,513.7062844380777,518.9131410582277,-5.206856620150006
76,24,High,stage2_stickiness,436.7082876254407,441.95122096137413,-5.242933335933458
77,38,High,stage2_stickiness,493.30074301103156,496.66845808570935,-3.3677150746777897
78,5,Low,stage2_stickiness,345.0213345319104,333.0096838330555,12.011650698854908
79,34,High,stage2_stickiness,507.7261909526709,512.4620274630954,-4.7358365104245195
80,9,Low,stage2_stickiness,508.4223589157186,513.0207125322296,-4.5983536165110195
81,8,Low,stage2_stickiness,493.223256503132,497.3717292250085,-4.148472721876487
82,6,Low,stage2_stickiness,504.98197162970706,510.26080857937706,-5.278836949669994
83,22,High,stage2_stickiness,534.034163289051,538.65356436185,-4.619401072799064
84,23,High,stage2_stickiness,386.6526469134294,391.67133813240736,-5.018691218977949
85,15,Medium,stage2_stickiness,396.4536417313451,396.66688885032335,-0.213247118978245
86,10,Medium,stage2_stickiness,500.18593405176125,504.167243694443,-3.981309642681765
87,9,Low,stage2_stickiness,426.0077165988269,431.3004129555191,-5.292696356692204
88,22,High,stage2_stickiness,478.82908514640036,476.64670038111694,2.182384765283416
89,10,Medium,stage2_stickiness,540.5410889055739,540.8713156260127,-0.330226720438759
90,2,Low,stage2_stickiness,502.34177812237334,505.3506074434686,-3.008829321095277
91,14,Medium,stage2_stickiness,500.2419945995371,497.05998395214834,3.182010647388779
92,28,High,stage2_stickiness,497.6705608094208,498.2801194406661,-0.6095586312453065
93,10,Medium,stage2_stickiness,518.9135031813294,521.2329790030798,-2.319475821750416
94,13,Medium,stage2_stickiness,534.2535524739801,538.0349908340071,-3.781438360026982
95,7,Low,stage2_stickiness,503.13721107717873,508.2093765548697,-5.072165477690987
96,11,Medium,stage2_stickiness,382.8321662489237,384.9314461452277,-2.099279896303983
97,4,Low,stage2_stickiness,556.7966128567331,540.5808444708524,16.215768385880665
98,13,Medium,stage2_stickiness,431.8268568719677,436.4313123247332,-4.604455452765478
99,31,High,stage2_stickiness,527.7575090938724,532.1382754106165,-4.380766316744143
100,8,Low,stage2_stickiness,496.53583496340434,501.8059632335534,-5.270128270149087
101,20,High,stage2_stickiness,527.9357863065195,531.9937633870037,-4.057977080484193
102,7,Low,stage2_stickiness,343.2752525303871,345.28161795523533,-2.0063654248482408
103,38,High,stage2_stickiness,371.9885043946891,377.1250204341059,-5.136516039416847
104,10,Medium,stage2_stickiness,457.30370016671156,462.1260348359253,-4.822334669213717
105,8,Low,stage2_stickiness,551.463533928406,552.7323797318684,-1.2688458034623409
106,19,High,stage2_stickiness,452.8290214560761,429.3873081478633,23.441713308212798
107,10,Medium,stage2_stickiness,503.3873377620501,508.68182983919223,-5.294492077142138
108,17,Medium,stage2_stickiness,554.9147142936354,556.632692220188,-1.717977926552635
109,52,High,stage2_stickiness,549.6447731076936,558.0393952262151,-8.39462211852151
110,12,Medium,stage2_stickiness,543.3894681185491,548.2909776514072,-4.9015095328580855
111,36,High,stage2_stickiness,491.98487080506465,495.9196565993649,-3.9347857943002396
112,13,Medium,stage2_stickiness,500.7569806361493,502.3751984047427,-1.6182177685934107
113,32,High,stage2_stickiness,452.09287035867095,450.20312020082577,1.8897501578451852
114,9,Low,stage2_stickiness,490.4092301902283,486.9308323515118,3.4783978387164893
115,13,Medium,stage2_stickiness,499.42083605153806,504.1740531197401,-4.753217068202048
116,23,High,stage2_stickiness,477.18558962751905,482.4478016577183,-5.262212030199237
117,34,High,stage2_stickiness,498.38851986371293,503.67868005398043,-5.2901601902675
118,9,Low,stage2_stickiness,524.2427457722627,527.6828874797918,-3.4401417075291647
119,21,High,stage2_stickiness,468.9321557087625,467.84316007598505,1.0889956327774257
120,5,Low,stage2_stickiness,506.9060789149547,509.8976110660227,-2.991532151067986
121,15,Medium,stage2_stickiness,491.3290720096266,494.6160387224281,-3.2869667128014726
122,18,Medium,stage2_stickiness,463.53665749481627,468.28222150226003,-4.745564007443761
123,3,Low,stage2_stickiness,474.6212245583926,478.21963195386417,-3.598407395471554
124,30,High,stage2_stickiness,465.7368275514324,443.17717159878464,22.559655952647745
125,42,High,stage2_stickiness,561.3756554059855,564.9104965904186,-3.5348411844330485
126,14,Medium,stage2_stickiness,424.8741891894545,415.28492921412885,9.58925997532566
127,21,High,stage2_stickiness,513.0851062033057,514.7586691173584,-1.6735629140526953
128,9,Low,stage2_stickiness,426.52582118339177,386.0331720020104,40.49264918138135
129,7,Low,stage2_stickiness,477.50374136447385,479.2717445399823,-1.7680031755084542
130,4,Low,stage2_stickiness,398.7184713838577,391.4754729106885,7.242998473169223
131,11,Medium,stage2_stickiness,538.9614591818611,535.5165607485693,3.444898433291769
132,3,Low,stage2_stickiness,483.5022236515379,470.48298989156467,13.019233759973247
133,4,Low,stage2_stickiness,546.4149066613379,555.2919559665814,-8.877049305243531
134,6,Low,stage2_stickiness,515.99227931272,521.2877203607624,-5.295441048042335
135,13,Medium,stage2_stickiness,488.27091333104516,467.05401621191584,21.216897119129328
136,16,Medium,stage2_stickiness,433.905235859925,439.14697552299896,-5.241739663073929
137,27,High,stage2_stickiness,503.2465856988118,508.53969324750005,-5.293107548688226
138,21,High,stage2_stickiness,402.27364757709773,407.5555606311255,-5.281913054027768
139,8,Low,stage2_stickiness,500.3511573769593,503.3980797605934,-3.0469223836341257
140,17,Medium,stage2_stickiness,407.0475437552921,406.73425533755346,0.31328841773864724
141,7,Low,stage2_stickiness,436.08564273204877,441.28347275911113,-5.197830027062366
142,14,Medium,stage2_stickiness,318.571242054234,308.7986487583657,9.772593295868319
143,4,Low,stage2_stickiness,464.7170382745055,468.3524414035577,-3.635403129052179
144,18,Medium,stage2_stickiness,491.5567544682888,488.4136050539115,3.1431494143772625
145,18,Medium,stage2_stickiness,410.23236678667496,414.5709545514868,-4.338587764811848
146,22,High,stage2_stickiness,511.30229438444593,513.5567888175478,-2.254494433101911
147,18,Medium,stage2_stickiness,515.6387635913798,516.776163165747,-1.1373995743672367
148,19,High,stage2_stickiness,449.97301600022814,451.1384960249008,-1.1654800246726609
149,21,High,stage2_stickiness,455.65029099558234,451.6973779755323,3.9529130200500617
0,23,High,stage2_global_stickiness,394.69002401574505,399.0881872132912,-4.3981631975461255
1,11,Medium,stage2_global_stickiness,507.3437557895143,510.88304476181077,-3.539288972296447
2,30,High,stage2_global_stickiness,500.0378235007715,487.8979677148597,12.139855785911777
3,37,High,stage2_global_stickiness,427.50000747457807,432.54880658521154,-5.0487991106334675
4,22,High,stage2_global_stickiness,526.705444335216,530.2972024428135,-3.5917581075974567
5,8,Low,stage2_global_stickiness,556.177972218536,558.4462051742196,-2.2682329556836294
6,54,High,stage2_global_stickiness,342.8820638416101,337.5253233638367,5.356740477773371
7,34,High,stage2_global_stickiness,547.3614425838853,547.4948076783254,-0.133365094440137
8,45,High,stage2_global_stickiness,518.7714238766288,512.1144787676394,6.656945108989362
9,22,High,stage2_global_stickiness,498.51071641499254,503.5455643970359,-5.034847982043345
10,12,Medium,stage2_global_stickiness,510.56038996354596,499.8842359933565,10.676153970189432
11,9,Low,stage2_global_stickiness,556.6585435658869,367.8562489520672,188.80229461381975
12,34,High,stage2_global_stickiness,476.3330117454608,476.29594156302164,0.03707018243915172
13,12,Medium,stage2_global_stickiness,476.39079701300983,473.8776088649365,2.5131881480733114
14,26,High,stage2_global_stickiness,505.42524685955283,467.82116844046425,37.60407841908858
15,16,Medium,stage2_global_stickiness,532.3343622192136,531.243021494189,1.0913407250246792
16,7,Low,stage2_global_stickiness,464.4142109610313,450.40011880102026,14.014092160011046
17,31,High,stage2_global_stickiness,547.5253027297616,552.3047722094622,-4.779469479700538
18,18,Medium,stage2_global_stickiness,504.5464868290375,509.64510856206834,-5.098621733030825
19,12,Medium,stage2_global_stickiness,521.7773432681328,527.0372166009911,-5.259873332858319
20,8,Low,stage2_global_stickiness,549.0220715887646,554.2745012306123,-5.252429641847698
21,43,High,stage2_global_stickiness,522.3604810475721,513.6623578773945,8.69812317017761
22,28,High,stage2_global_stickiness,537.1838300842356,542.1774954977739,-4.993665413538224
23,18,Medium,stage2_global_stickiness,507.8378047556364,511.40291758265084,-3.5651128270144454
24,1,Low,stage2_global_stickiness,468.35429360711515,473.61968582546706,-5.265392218351906
25,10,Medium,stage2_global_stickiness,528.2706370701143,533.38012013885,-5.109483068735699
26,16,Medium,stage2_global_stickiness,501.2475576812067,505.75375796118635,-4.50620027997968
27,36,High,stage2_global_stickiness,478.3221080002702,482.1634016803989,-3.8412936801287287
28,37,High,stage2_global_stickiness,460.1620755841282,462.4156610926718,-2.2535855085436083
29,7,Low,stage2_global_stickiness,443.0139609328264,445.9569760741451,-2.9430151413186536
30,5,Low,stage2_global_stickiness,520.070113553894,516.3815849284645,3.6885286254295124
31,1,Low,stage2_global_stickiness,497.8686875451803,501.9383440110116,-4.069656465831315
32,7,Low,stage2_global_stickiness,535.5532338392533,540.7174816376323,-5.164247798379051
33,1,Low,stage2_global_stickiness,415.85812221672376,420.4337066776568,-4.575584460933044
34,5,Low,stage2_global_stickiness,520.4789992191611,525.7297037745633,-5.250704555402194
35,13,Medium,stage2_global_stickiness,470.7447630198508,460.40420555431626,10.340557465534516
36,14,Medium,stage2_global_stickiness,523.1691057545981,528.2415631434455,-5.072457388847397
37,18,Medium,stage2_global_stickiness,513.5837745561458,518.8535966626231,-5.26982210647725
38,15,Medium,stage2_global_stickiness,499.3817083459795,503.2476370968884,-3.8659287509088927
39,1,Low,stage2_global_stickiness,404.9756237629317,405.06277076934106,-0.0871470064093387
40,26,High,stage2_global_stickiness,494.7485348044421,496.71171397676,-1.9631791723178935
41,18,Medium,stage2_global_stickiness,462.43395018158526,466.7415695202499,-4.307619338664665
42,7,Low,stage2_global_stickiness,428.26186052352506,432.4295804530035,-4.167719929478437
43,18,Medium,stage2_global_stickiness,495.3485742341742,490.7796397589114,4.568934475262779
44,10,Medium,stage2_global_stickiness,417.11205494004344,415.8902277189838,1.221827221059641
45,2,Low,stage2_global_stickiness,455.4212812669507,458.16279579256917,-2.74151452561847
46,14,Medium,stage2_global_stickiness,507.62974592490394,531.2318988678428,-23.602152942938858
47,2,Low,stage2_global_stickiness,494.18629806878766,484.08327493841557,10.103023130372094
48,8,Low,stage2_global_stickiness,476.8474316165261,481.340348340318,-4.492916723791893
49,8,Low,stage2_global_stickiness,536.6557085813652,541.8313421746718,-5.175633593306657
50,28,High,stage2_global_stickiness,461.46948420161715,466.2391762602158,-4.76969205859865
51,12,Medium,stage2_global_stickiness,408.95066417800786,408.0736791385807,0.8769850394271543
52,11,Medium,stage2_global_stickiness,505.7835673125064,505.5008118702535,0.2827554422529488
53,26,High,stage2_global_stickiness,508.4213204313675,513.6558618726863,-5.234541441318754
54,22,High,stage2_global_stickiness,466.44948354053804,461.378935860768,5.070547679770016
55,13,Medium,stage2_global_stickiness,468.24016907398203,472.69494765255376,-4.454778578571734
56,8,Low,stage2_global_stickiness,395.6738351113202,388.3281673982436,7.345667713076637
57,9,Low,stage2_global_stickiness,528.057924821279,500.1423768483949,27.9155479728841
58,3,Low,stage2_global_stickiness,540.1839392853743,538.4275325900471,1.7564066953272004
59,21,High,stage2_global_stickiness,410.0684536964898,414.4602070324119,-4.39175333592209
60,4,Low,stage2_global_stickiness,546.0317413255011,550.5102194360597,-4.478478110558626
61,17,Medium,stage2_global_stickiness,494.49846264384996,491.74230786249666,2.7561547813533025
62,30,High,stage2_global_stickiness,285.6730430954457,290.6434293345607,-4.970386239115044
63,23,High,stage2_global_stickiness,517.6166351202978,522.4668971267953,-4.8502620064974735
64,13,Medium,stage2_global_stickiness,527.4555236565693,525.3969140735836,2.058609582985696
65,6,Low,stage2_global_stickiness,559.569201578173,552.9385224210586,6.6306791571144
66,13,Medium,stage2_global_stickiness,522.2654660932385,526.2577155131943,-3.992249419955783
67,15,Medium,stage2_global_stickiness,517.483988678761,507.80589458713314,9.678094091627827
68,28,High,stage2_global_stickiness,364.6318809511943,334.38148698838484,30.250393962809483
69,37,High,stage2_global_stickiness,435.1059833362058,432.1901743066381,2.915809029567697
70,4,Low,stage2_global_stickiness,401.4913751114793,405.948904005472,-4.4575288939927304
71,7,Low,stage2_global_stickiness,409.912864877297,415.2065463656957,-5.293681488398704
72,7,Low,stage2_global_stickiness,379.8383722813763,385.1158929042729,-5.277520622896645
73,26,High,stage2_global_stickiness,500.9499726072388,503.4910672418692,-2.541094634630383
74,17,Medium,stage2_global_stickiness,406.9189964216758,407.3599535644465,-0.44095714277074194
75,8,Low,stage2_global_stickiness,513.7062844380777,518.5688960658855,-4.862611627807837
76,24,High,stage2_global_stickiness,436.7082876254407,440.55547060866655,-3.8471829832258777
77,38,High,stage2_global_stickiness,493.30074301103156,493.77498893851435,-0.4742459274827979
78,5,Low,stage2_global_stickiness,345.0213345319104,343.4138996673367,1.6074348645736904
79,34,High,stage2_global_stickiness,507.7261909526709,512.3040185807868,-4.57782762811587
80,9,Low,stage2_global_stickiness,508.4223589157186,511.7476936052685,-3.3253346895499476
81,8,Low,stage2_global_stickiness,493.223256503132,497.25526825243804,-4.032011749306037
82,6,Low,stage2_global_stickiness,504.98197162970706,509.88983936372097,-4.907867734013905
83,22,High,stage2_global_stickiness,534.034163289051,533.0846652984562,0.9494979905947503
84,23,High,stage2_global_stickiness,386.6526469134294,384.69577021106454,1.956876702364866
85,15,Medium,stage2_global_stickiness,396.4536417313451,400.44907611655054,-3.995434385205442
86,10,Medium,stage2_global_stickiness,500.18593405176125,505.4742009765603,-5.288266924799075
87,9,Low,stage2_global_stickiness,426.0077165988269,431.10677950361077,-5.099062904783864
88,22,High,stage2_global_stickiness,478.82908514640036,481.07660159306795,-2.247516446667589
89,10,Medium,stage2_global_stickiness,540.5410889055739,544.9624048819782,-4.42131597640423
90,2,Low,stage2_global_stickiness,502.34177812237334,505.0394130708641,-2.6976349484907587
91,14,Medium,stage2_global_stickiness,500.2419945995371,528.2391340426758,-27.99713944313868
92,28,High,stage2_global_stickiness,497.6705608094208,523.9965038039538,-26.325942994533023
93,10,Medium,stage2_global_stickiness,518.9135031813294,520.4526231306098,-1.5391199492804617
94,13,Medium,stage2_global_stickiness,534.2535524739801,532.4525026253666,1.801049848613502
95,7,Low,stage2_global_stickiness,503.13721107717873,507.7287843554998,-4.59157327832105
96,11,Medium,stage2_global_stickiness,382.8321662489237,387.80197134406905,-4.969805095145318
97,4,Low,stage2_global_stickiness,556.7966128567331,538.598624296032,18.197988560701106
98,13,Medium,stage2_global_stickiness,431.8268568719677,429.43735075637034,2.389506115597385
99,31,High,stage2_global_stickiness,527.7575090938724,527.3593965081877,0.39811258568465746
100,8,Low,stage2_global_stickiness,496.53583496340434,499.28572494469233,-2.7498899812879927
101,20,High,stage2_global_stickiness,527.9357863065195,533.2340820384426,-5.298295731923076
102,7,Low,stage2_global_stickiness,343.2752525303871,347.63516081695417,-4.359908286567077
103,38,High,stage2_global_stickiness,371.9885043946891,375.58320885195735,-3.5947044572682785
104,10,Medium,stage2_global_stickiness,457.30370016671156,458.5670594902232,-1.2633593235116223
105,8,Low,stage2_global_stickiness,551.463533928406,549.4611087239397,2.0024252044663626
106,19,High,stage2_global_stickiness,452.8290214560761,425.3169446577939,27.51207679828218
107,10,Medium,stage2_global_stickiness,503.3873377620501,508.4650026939621,-5.077664931912011
108,17,Medium,stage2_global_stickiness,554.9147142936354,555.1665421036716,-0.25182781003627497
109,52,High,stage2_global_stickiness,549.6447731076936,560.6481897604145,-11.003416652720944
110,12,Medium,stage2_global_stickiness,543.3894681185491,545.7092296235141,-2.319761504965072
111,36,High,stage2_global_stickiness,491.98487080506465,493.36179783978133,-1.3769270347166866
112,13,Medium,stage2_global_stickiness,500.7569806361493,497.241066288638,3.515914347511284
113,32,High,stage2_global_stickiness,452.09287035867095,424.16658382348254,27.92628653518841
114,9,Low,stage2_global_stickiness,490.4092301902283,470.3439438777303,20.065286312498017
115,13,Medium,stage2_global_stickiness,499.42083605153806,482.70370290468816,16.717133146849903
116,23,High,stage2_global_stickiness,477.18558962751905,477.726297510473,-0.5407078829539387
117,34,High,stage2_global_stickiness,498.38851986371293,501.9030556303246,-3.5145357666116865
118,9,Low,stage2_global_stickiness,524.2427457722627,528.6563190323856,-4.4135732601229165
119,21,High,stage2_global_stickiness,468.9321557087625,465.51827985249,3.4138758562724547
120,5,Low,stage2_global_stickiness,506.9060789149547,510.9184554959093,-4.012376580954594
121,15,Medium,stage2_global_stickiness,491.3290720096266,496.45185530428904,-5.12278329466244
122,18,Medium,stage2_global_stickiness,463.53665749481627,468.59513604195445,-5.058478547138179
123,3,Low,stage2_global_stickiness,474.6212245583926,478.56619689281973,-3.9449723344271206
124,30,High,stage2_global_stickiness,465.7368275514324,439.47684093242765,26.259986619004735
125,42,High,stage2_global_stickiness,561.3756554059855,558.8695134052393,2.5061420007461948
126,14,Medium,stage2_global_stickiness,424.8741891894545,425.6952905590949,-0.8211013696403597
127,21,High,stage2_global_stickiness,513.0851062033057,497.94048894522734,15.14461725807837
128,9,Low,stage2_global_stickiness,426.52582118339177,359.5013338269481,67.02448735644367
129,7,Low,stage2_global_stickiness,477.50374136447385,479.1066883888859,-1.6029470244120603
130,4,Low,stage2_global_stickiness,398.7184713838577,379.4735715761367,19.244899807721026
131,11,Medium,stage2_global_stickiness,538.9614591818611,528.4527386230038,10.508720558857249
132,3,Low,stage2_global_stickiness,483.5022236515379,475.54291805625024,7.959305595287674
133,4,Low,stage2_global_stickiness,546.4149066613379,550.144987828442,-3.7300811671041174
134,6,Low,stage2_global_stickiness,515.99227931272,521.2374309118246,-5.245151599104588
135,13,Medium,stage2_global_stickiness,488.27091333104516,478.0290418180258,10.241871513019362
136,16,Medium,stage2_global_stickiness,433.905235859925,438.6723933976673,-4.767157537742264
137,27,High,stage2_global_stickiness,503.2465856988118,508.5388552559313,-5.292269557119482
138,21,High,stage2_global_stickiness,402.27364757709773,407.54812790313184,-5.274480326034109
139,8,Low,stage2_global_stickiness,500.3511573769593,494.55772385815703,5.79343351880226
140,17,Medium,stage2_global_stickiness,407.0475437552921,412.26919320180264,-5.221649446510526
141,7,Low,stage2_global_stickiness,436.08564273204877,438.3475940822182,-2.261951350169454
142,14,Medium,stage2_global_stickiness,318.571242054234,323.793882089485,-5.222640035251004
143,4,Low,stage2_global_stickiness,464.7170382745055,461.8701728263154,2.8468654481901012
144,18,Medium,stage2_global_stickiness,491.5567544682888,478.4567429834789,13.100011484809897
145,18,Medium,stage2_global_stickiness,410.23236678667496,415.0167713962181,-4.784404609543117
146,22,High,stage2_global_stickiness,511.30229438444593,504.7994261972348,6.5028681872111065
147,18,Medium,stage2_global_stickiness,515.6387635913798,520.9331369461099,-5.294373354730169
148,19,High,stage2_global_stickiness,449.97301600022814,451.1858514987466,-1.2128354985184728
149,21,High,stage2_global_stickiness,455.65029099558234,457.559448698717,-1.9091577031346674
0,23,High,value_decay_to_zero,394.69002401574505,373.3884886531798,21.301535362565232
1,11,Medium,value_decay_to_zero,507.3437557895143,464.01599681635236,43.32775897316196
2,30,High,value_decay_to_zero,500.0378235007715,490.6453341961945,9.392489304576998
3,37,High,value_decay_to_zero,427.50000747457807,366.3285797908319,61.171427683746174
4,22,High,value_decay_to_zero,526.705444335216,479.7498964290258,46.95554790619025
5,8,Low,value_decay_to_zero,556.177972218536,561.4762895852135,-5.298317366677566
6,54,High,value_decay_to_zero,342.8820638416101,347.52738363933565,-4.645319797725563
7,34,High,value_decay_to_zero,547.3614425838853,552.6597599175191,-5.298317333633804
8,45,High,value_decay_to_zero,518.7714238766288,484.4067089799529,34.36471489667588
9,22,High,value_decay_to_zero,498.51071641499254,503.8090337815334,-5.298317366540857
10,12,Medium,value_decay_to_zero,510.56038996354596,482.4346963780507,28.12569358549524
11,9,Low,value_decay_to_zero,556.6585435658869,359.646380377786,197.01216318810094
12,34,High,value_decay_to_zero,476.3330117454608,452.2921814224368,24.04083032302401
13,12,Medium,value_decay_to_zero,476.39079701300983,453.40852315758644,22.982273855423387
14,26,High,value_decay_to_zero,505.42524685955283,475.21468338489217,30.21056347466066
15,16,Medium,value_decay_to_zero,532.3343622192136,476.9760194664057,55.358342752807914
16,7,Low,value_decay_to_zero,464.4142109610313,397.8760045473255,66.53820641370578
17,31,High,value_decay_to_zero,547.5253027297616,540.9465188037267,6.57878392603493
18,18,Medium,value_decay_to_zero,504.5464868290375,482.8445624611489,21.701924367888637
19,12,Medium,value_decay_to_zero,521.7773432681328,515.5140176740775,6.263325594055232
20,8,Low,value_decay_to_zero,549.0220715887646,541.0617575591128,7.960314029651727
21,43,High,value_decay_to_zero,522.3604810475721,512.6165671295928,9.743913917979285
22,28,High,value_decay_to_zero,537.1838300842356,527.4703420477056,9.713488036530066
23,18,Medium,value_decay_to_zero,507.8378047556364,466.41913921931746,41.41866553631894
24,1,Low,value_decay_to_zero,468.35429360711515,468.9986642963913,-0.6443706892761725
25,10,Medium,value_decay_to_zero,528.2706370701143,529.9135999122167,-1.6429628421024063
26,16,Medium,value_decay_to_zero,501.2475576812067,429.3074883140735,71.94006936713316
27,36,High,value_decay_to_zero,478.3221080002702,422.33616760287583,55.98594039739436
28,37,High,value_decay_to_zero,460.1620755841282,427.0739951234374,33.08808046069083
29,7,Low,value_decay_to_zero,443.0139609328264,447.226258830147,-4.212297897320582
30,5,Low,value_decay_to_zero,520.070113553894,498.5519154229511,21.518198130942892
31,1,Low,value_decay_to_zero,497.8686875451803,450.0026059827195,47.866081562460806
32,7,Low,value_decay_to_zero,535.5532338392533,481.2471204412858,54.306113397967465
33,1,Low,value_decay_to_zero,415.85812221672376,391.36936813472596,24.488754081997797
34,5,Low,value_decay_to_zero,520.4789992191611,505.0289034665964,15.450095752564721
35,13,Medium,value_decay_to_zero,470.7447630198508,476.1385367477031,-5.393773727852306
36,14,Medium,value_decay_to_zero,523.1691057545981,477.7295860237103,45.439519730887866
37,18,Medium,value_decay_to_zero,513.5837745561458,478.155305918749,35.42846863739686
38,15,Medium,value_decay_to_zero,499.3817083459795,457.9285475809386,41.453160765040934
39,1,Low,value_decay_to_zero,404.9756237629317,410.27394112948195,-5.298317366550236
40,26,High,value_decay_to_zero,494.7485348044421,458.65402558776543,36.09450921667667
41,18,Medium,value_decay_to_zero,462.43395018158526,438.164765947773,24.26918423381227
42,7,Low,value_decay_to_zero,428.26186052352506,412.48371398423313,15.778146539291924
43,18,Medium,value_decay_to_zero,495.3485742341742,411.23846310512454,84.11011112904964
44,10,Medium,value_decay_to_zero,417.11205494004344,416.8107239942174,0.3013309458260096
45,2,Low,value_decay_to_zero,455.4212812669507,428.6117892738033,26.80949199314739
46,14,Medium,value_decay_to_zero,507.62974592490394,473.55586732702574,34.073878597878206
47,2,Low,value_decay_to_zero,494.18629806878766,439.56484831245405,54.62144975633362
48,8,Low,value_decay_to_zero,476.8474316165261,470.58977189633896,6.257659720187121
49,8,Low,value_decay_to_zero,536.6557085813652,527.0584336923963,9.597274888968855
50,28,High,value_decay_to_zero,461.46948420161715,451.8199212684495,9.649562933167658
51,12,Medium,value_decay_to_zero,408.95066417800786,406.2564113354901,2.6942528425177557
52,11,Medium,value_decay_to_zero,505.7835673125064,509.5686950059661,-3.7851276934596854
53,26,High,value_decay_to_zero,508.4213204313675,495.05355353949653,13.367766891870986
54,22,High,value_decay_to_zero,466.44948354053804,392.385061525356,74.06442201518206
55,13,Medium,value_decay_to_zero,468.24016907398203,455.8068867618958,12.433282312086249
56,8,Low,value_decay_to_zero,395.6738351113202,361.9411470061282,33.73268810519204
57,9,Low,value_decay_to_zero,528.057924821279,457.127533613054,70.93039120822499
58,3,Low,value_decay_to_zero,540.1839392853743,545.4822566518831,-5.298317366508741
59,21,High,value_decay_to_zero,410.0684536964898,360.5776303392018,49.490823357288036
60,4,Low,value_decay_to_zero,546.0317413255011,551.5339060169853,-5.502164691484154
61,17,Medium,value_decay_to_zero,494.49846264384996,428.7999665982928,65.69849604555714
62,30,High,value_decay_to_zero,285.6730430954457,269.8838409008647,15.78920219458098
63,23,High,value_decay_to_zero,517.6166351202978,484.2763998289664,33.340235291331396
64,13,Medium,value_decay_to_zero,527.4555236565693,461.7664764551408,65.68904720142854
65,6,Low,value_decay_to_zero,559.569201578173,553.7792519978839,5.78994958028909
66,13,Medium,value_decay_to_zero,522.2654660932385,494.33794530274713,27.92752079049137
67,15,Medium,value_decay_to_zero,517.483988678761,481.9893326079676,35.49465607079338
68,28,High,value_decay_to_zero,364.6318809511943,266.5448763346585,98.08700461653581
69,37,High,value_decay_to_zero,435.1059833362058,414.69330894866897,20.41267438753681
70,4,Low,value_decay_to_zero,401.4913751114793,391.2339470073828,10.257428104096448
71,7,Low,value_decay_to_zero,409.912864877297,389.6472031808369,20.265661696460086
72,7,Low,value_decay_to_zero,379.8383722813763,384.1169937049337,-4.278621423557411
73,26,High,value_decay_to_zero,500.9499726072388,488.81870534066906,12.13126726656975
74,17,Medium,value_decay_to_zero,406.9189964216758,365.5935133060874,41.32548311558838
75,8,Low,value_decay_to_zero,513.7062844380777,501.05881107070314,12.647473367374516
76,24,High,value_decay_to_zero,436.7082876254407,429.6358103021332,7.072477323307453
77,38,High,value_decay_to_zero,493.30074301103156,474.992458606019,18.308284405012557
78,5,Low,value_decay_to_zero,345.0213345319104,345.4234772403447,-0.40214270843432587
79,34,High,value_decay_to_zero,507.7261909526709,463.9742970536566,43.751893899014306
80,9,Low,value_decay_to_zero,508.4223589157186,490.6316037429499,17.790755172768684
81,8,Low,value_decay_to_zero,493.223256503132,436.9680621155319,56.25519438760011
82,6,Low,value_decay_to_zero,504.98197162970706,483.4536072019138,21.528364427793235
83,22,High,value_decay_to_zero,534.034163289051,528.016154273452,6.018009015598977
84,23,High,value_decay_to_zero,386.6526469134294,342.23532140693254,44.417325506496866
85,15,Medium,value_decay_to_zero,396.4536417313451,394.66867901264504,1.7849627187000578
86,10,Medium,value_decay_to_zero,500.18593405176125,486.0070710728754,14.178862978885832
87,9,Low,value_decay_to_zero,426.0077165988269,413.6605233997086,12.347193199118294
88,22,High,value_decay_to_zero,478.82908514640036,472.7265751004541,6.1025100459462465
89,10,Medium,value_decay_to_zero,540.5410889055739,507.3840500123296,33.157038893244305
90,2,Low,value_decay_to_zero,502.34177812237334,458.05646617712785,44.285311945245496
91,14,Medium,value_decay_to_zero,500.2419945995371,464.16923049435763,36.07276410517949
92,28,High,value_decay_to_zero,497.6705608094208,482.43079600493184,15.23976480448897
93,10,Medium,value_decay_to_zero,518.9135031813294,506.2989777885236,12.614525392805774
94,13,Medium,value_decay_to_zero,534.2535524739801,501.8221404244158,32.4314120495643
95,7,Low,value_decay_to_zero,503.13721107717873,428.0974527011468,75.03975837603195
96,11,Medium,value_decay_to_zero,382.8321662489237,347.1911405302048,35.641025718718936
97,4,Low,value_decay_to_zero,556.7966128567331,544.5527597958194,12.243853060913693
98,13,Medium,value_decay_to_zero,431.8268568719677,433.1261509326988,-1.2992940607310857
99,31,High,value_decay_to_zero,527.7575090938724,511.5000657378996,16.257443355972782
100,8,Low,value_decay_to_zero,496.53583496340434,439.2915854418308,57.24424952157352
101,20,High,value_decay_to_zero,527.9357863065195,455.75376479904645,72.18202150747305
102,7,Low,value_decay_to_zero,343.2752525303871,324.6821768798376,18.59307565054951
103,38,High,value_decay_to_zero,371.9885043946891,325.4784941111963,46.51001028349276
104,10,Medium,value_decay_to_zero,457.30370016671156,423.6208776606113,33.68282250610025
105,8,Low,value_decay_to_zero,551.463533928406,555.2902815800468,-3.826747651640744
106,19,High,value_decay_to_zero,452.8290214560761,381.95375412189657,70.87526733417951
107,10,Medium,value_decay_to_zero,503.3873377620501,495.6485950669763,7.738742695073768
108,17,Medium,value_decay_to_zero,554.9147142936354,564.867518944721,-9.952804651085671
109,52,High,value_decay_to_zero,549.6447731076936,541.7832907120841,7.861482395609528
110,12,Medium,value_decay_to_zero,543.3894681185491,531.6222195367073,11.767248581841727
111,36,High,value_decay_to_zero,491.98487080506465,463.85221360050684,28.132657204557802
112,13,Medium,value_decay_to_zero,500.7569806361493,472.07947460858566,28.677506027563652
113,32,High,value_decay_to_zero,452.09287035867095,339.0026259869663,113.09024437170467
114,9,Low,value_decay_to_zero,490.4092301902283,431.98141667655807,58.42781351367023
115,13,Medium,value_decay_to_zero,499.42083605153806,459.44904771729966,39.9717883342384
116,23,High,value_decay_to_zero,477.18558962751905,450.3150856716155,26.87050395590353
117,34,High,value_decay_to_zero,498.38851986371293,470.6953931119744,27.693126751738532
118,9,Low,value_decay_to_zero,524.2427457722627,505.33062381739416,18.912121954868496
119,21,High,value_decay_to_zero,468.9321557087625,412.5523820143943,56.37977369436817
120,5,Low,value_decay_to_zero,506.9060789149547,506.94773068627933,-0.0416517713246094
121,15,Medium,value_decay_to_zero,491.3290720096266,451.32904582696597,40.00002618266063
122,18,Medium,value_decay_to_zero,463.53665749481627,449.69691588425223,13.839741610564033
123,3,Low,value_decay_to_zero,474.6212245583926,471.4424863515605,3.178738206832122
124,30,High,value_decay_to_zero,465.7368275514324,354.57456247610276,111.16226507532963
125,42,High,value_decay_to_zero,561.3756554059855,569.0300438039076,-7.654388397922048
126,14,Medium,value_decay_to_zero,424.8741891894545,399.60988183427503,25.264307355179483
127,21,High,value_decay_to_zero,513.0851062033057,485.75937780228713,27.32572840101858
128,9,Low,value_decay_to_zero,426.52582118339177,289.0495493139279,137.47627186946386
129,7,Low,value_decay_to_zero,477.50374136447385,440.8544557915766,36.64928557289727
130,4,Low,value_decay_to_zero,398.7184713838577,316.57679247999306,82.14167890386466
131,11,Medium,value_decay_to_zero,538.9614591818611,492.1647601733761,46.79669900848495
132,3,Low,value_decay_to_zero,483.5022236515379,435.4838682438985,48.01835540763943
133,4,Low,value_decay_to_zero,546.4149066613379,519.2695336839905,27.145372977347392
134,6,Low,value_decay_to_zero,515.99227931272,490.35002923586757,25.642250076852463
135,13,Medium,value_decay_to_zero,488.27091333104516,459.6253907477574,28.645522583287743
136,16,Medium,value_decay_to_zero,433.905235859925,392.11674482769257,41.78849103223246
137,27,High,value_decay_to_zero,503.2465856988118,503.7837150055635,-0.5371293067516945
138,21,High,value_decay_to_zero,402.27364757709773,371.26349695115044,31.01015062594729
139,8,Low,value_decay_to_zero,500.3511573769593,469.01680416701316,31.33435320994613
140,17,Medium,value_decay_to_zero,407.0475437552921,388.02451858235634,19.023025172935775
141,7,Low,value_decay_to_zero,436.08564273204877,406.8932615173434,29.192381214705392
142,14,Medium,value_decay_to_zero,318.571242054234,309.8389287803505,8.732313273883506
143,4,Low,value_decay_to_zero,464.7170382745055,410.7622281182146,53.95481015629093
144,18,Medium,value_decay_to_zero,491.5567544682888,413.3390319627988,78.21772250548997
145,18,Medium,value_decay_to_zero,410.23236678667496,399.7122009095092,10.520165877165766
146,22,High,value_decay_to_zero,511.30229438444593,465.33645906230623,45.9658353221397
147,18,Medium,value_decay_to_zero,515.6387635913798,501.45658429579413,14.182179295585627
148,19,High,value_decay_to_zero,449.97301600022814,424.0920764030793,25.880939597148824
149,21,High,value_decay_to_zero,455.65029099558234,420.76428773794663,34.88600325763571
0,23,High,value_decay_to_half,394.69002401574505,373.99424877655883,20.69577523918622
1,11,Medium,value_decay_to_half,507.3437557895143,439.12137755962027,68.22237822989405
2,30,High,value_decay_to_half,500.0378235007715,497.2918522169291,2.7459712838423798
3,37,High,value_decay_to_half,427.50000747457807,430.0578171340597,-2.55780965948162
4,22,High,value_decay_to_half,526.705444335216,474.94193180858565,51.76351252663039
5,8,Low,value_decay_to_half,556.177972218536,557.187952231809,-1.0099800132730934
6,54,High,value_decay_to_half,342.8820638416101,348.18038120856727,-5.298317366957178
7,34,High,value_decay_to_half,547.3614425838853,547.9193600106986,-0.5579174268133329
8,45,High,value_decay_to_half,518.7714238766288,505.6857441660012,13.085679710627574
9,22,High,value_decay_to_half,498.51071641499254,503.7087646673895,-5.198048252396973
10,12,Medium,value_decay_to_half,510.56038996354596,515.7999460289799,-5.239556065433931
11,9,Low,value_decay_to_half,556.6585435658869,559.6024671237267,-2.943923557839753
12,34,High,value_decay_to_half,476.3330117454608,462.58793608848924,13.74507565697155
13,12,Medium,value_decay_to_half,476.39079701300983,458.78119351362886,17.609603499380967
14,26,High,value_decay_to_half,505.42524685955283,498.64264109978046,6.782605759772366
15,16,Medium,value_decay_to_half,532.3343622192136,477.96445557091965,54.36990664829398
16,7,Low,value_decay_to_half,464.4142109610313,396.61135973942646,67.80285122160484
17,31,High,value_decay_to_half,547.5253027297616,535.5017546388561,12.023548090905479
18,18,Medium,value_decay_to_half,504.5464868290375,460.63700381708406,43.909483011953455
19,12,Medium,value_decay_to_half,521.7773432681328,509.9656135120497,11.811729756083082
20,8,Low,value_decay_to_half,549.0220715887646,537.0347950824191,11.987276506345438
21,43,High,value_decay_to_half,522.3604810475721,527.8876896005511,-5.527208552979005
22,28,High,value_decay_to_half,537.1838300842356,528.2221042798401,8.961725804395542
23,18,Medium,value_decay_to_half,507.8378047556364,470.46781404653734,37.369990709099056
24,1,Low,value_decay_to_half,468.35429360711515,473.65261097365635,-5.298317366541198
25,10,Medium,value_decay_to_half,528.2706370701143,532.7665176722326,-4.495880602118291
26,16,Medium,value_decay_to_half,501.2475576812067,493.51539920653727,7.732158474669404
27,36,High,value_decay_to_half,478.3221080002702,435.58092926469436,42.74117873557583
28,37,High,value_decay_to_half,460.1620755841282,463.9352589440851,-3.7731833599568745
29,7,Low,value_decay_to_half,443.0139609328264,448.30879815654566,-5.294837223719242
30,5,Low,value_decay_to_half,520.070113553894,524.6528084795735,-4.5826949256795615
31,1,Low,value_decay_to_half,497.8686875451803,478.00052472134104,19.86816282383927
32,7,Low,value_decay_to_half,535.5532338392533,490.3061653097437,45.24706852950959
33,1,Low,value_decay_to_half,415.85812221672376,418.03249411879057,-2.1743719020668095
34,5,Low,value_decay_to_half,520.4789992191611,499.9912624451252,20.48773677403591
35,13,Medium,value_decay_to_half,470.7447630198508,544.8449793243548,-74.10021630450399
36,14,Medium,value_decay_to_half,523.1691057545981,452.5161262677634,70.65297948683474
37,18,Medium,value_decay_to_half,513.5837745561458,468.3700321249702,45.21374243117566
38,15,Medium,value_decay_to_half,499.3817083459795,426.6804097635699,72.7012985824096
39,1,Low,value_decay_to_half,404.9756237629317,407.60191125166097,-2.626287488729247
40,26,High,value_decay_to_half,494.7485348044421,489.80478837431923,4.9437464301228715
41,18,Medium,value_decay_to_half,462.43395018158526,438.6013537721288,23.83259640945647
42,7,Low,value_decay_to_half,428.26186052352506,401.85855891393754,26.403301609587515
43,18,Medium,value_decay_to_half,495.3485742341742,465.9568772749372,29.39169695923698
44,10,Medium,value_decay_to_half,417.11205494004344,420.3300308527521,-3.2179759127086527
45,2,Low,value_decay_to_half,455.4212812669507,424.03392023860823,31.387361028342468
46,14,Medium,value_decay_to_half,507.62974592490394,485.770557739291,21.859188185612936
47,2,Low,value_decay_to_half,494.18629806878766,481.31707979022144,12.869218278566223
48,8,Low,value_decay_to_half,476.8474316165261,450.2218342361467,26.62559738037936
49,8,Low,value_decay_to_half,536.6557085813652,512.064103842037,24.591604739328204
50,28,High,value_decay_to_half,461.46948420161715,431.6126116712953,29.856872530321823
51,12,Medium,value_decay_to_half,408.95066417800786,368.2079675252248,40.74269665278308
52,11,Medium,value_decay_to_half,505.7835673125064,493.758540124368,12.025027188138438
53,26,High,value_decay_to_half,508.4213204313675,453.9053855367217,54.515934894645795
54,22,High,value_decay_to_half,466.44948354053804,452.25195857423773,14.197524966300307
55,13,Medium,value_decay_to_half,468.24016907398203,473.53848644052897,-5.298317366546939
56,8,Low,value_decay_to_half,395.6738351113202,380.8222836804382,14.851551430882012
57,9,Low,value_decay_to_half,528.057924821279,520.1969269439604,7.860997877318596
58,3,Low,value_decay_to_half,540.1839392853743,550.9433339556731,-10.759394670298775
59,21,High,value_decay_to_half,410.0684536964898,399.33911502796616,10.729338668523667
60,4,Low,value_decay_to_half,546.0317413255011,551.1164674122526,-5.084726086751516
61,17,Medium,value_decay_to_half,494.49846264384996,431.7291889115691,62.76927373228085
62,30,High,value_decay_to_half,285.6730430954457,290.97136046199444,-5.298317366548758
63,23,High,value_decay_to_half,517.6166351202978,470.60139667704226,47.015238443255555
64,13,Medium,value_decay_to_half,527.4555236565693,478.1127609011323,49.342762755437036
65,6,Low,value_decay_to_half,559.569201578173,543.5590936494771,16.010107928695902
66,13,Medium,value_decay_to_half,522.2654660932385,469.6729289099152,52.592537183323316
67,15,Medium,value_decay_to_half,517.483988678761,514.5638519018069,2.9201367769541093
68,28,High,value_decay_to_half,364.6318809511943,369.93019831772597,-5.2983173665316485
69,37,High,value_decay_to_half,435.1059833362058,429.51412356312596,5.591859773079818
70,4,Low,value_decay_to_half,401.4913751114793,393.1214944339258,8.369880677553454
71,7,Low,value_decay_to_half,409.912864877297,388.94598916438565,20.96687571291136
72,7,Low,value_decay_to_half,379.8383722813763,359.34832831731245,20.49004396406383
73,26,High,value_decay_to_half,500.9499726072388,449.64132019422624,51.30865241301257
74,17,Medium,value_decay_to_half,406.9189964216758,398.45849064524265,8.460505776433138
75,8,Low,value_decay_to_half,513.7062844380777,467.53566070614045,46.17062373193721
76,24,High,value_decay_to_half,436.7082876254407,439.6029478432243,-2.89466021778361
77,38,High,value_decay_to_half,493.30074301103156,518.0092360799715,-24.70849306893996
78,5,Low,value_decay_to_half,345.0213345319104,310.81195943087704,34.209375101033345
79,34,High,value_decay_to_half,507.7261909526709,480.1792910976008,27.54689985507008
80,9,Low,value_decay_to_half,508.4223589157186,469.6018089178688,38.82054999784975
81,8,Low,value_decay_to_half,493.223256503132,420.14253102841417,73.08072547471784
82,6,Low,value_decay_to_half,504.98197162970706,476.3250143929674,28.656957236739686
83,22,High,value_decay_to_half,534.034163289051,517.3328072832312,16.701356005819775
84,23,High,value_decay_to_half,386.6526469134294,350.43712330204534,36.21552361138407
85,15,Medium,value_decay_to_half,396.4536417313451,390.57553833986174,5.878103391483364
86,10,Medium,value_decay_to_half,500.18593405176125,475.89187527309065,24.294058778670603
87,9,Low,value_decay_to_half,426.0077165988269,414.67650366363875,11.331212935188148
88,22,High,value_decay_to_half,478.82908514640036,510.18190137814906,-31.352816231748704
89,10,Medium,value_decay_to_half,540.5410889055739,509.79771637129153,30.7433725342824
90,2,Low,value_decay_to_half,502.34177812237334,477.1780949119219,25.16368321045144
91,14,Medium,value_decay_to_half,500.2419945995371,500.15787592905116,0.08411867048596378
92,28,High,value_decay_to_half,497.6705608094208,495.77285543013807,1.8977053792827405
93,10,Medium,value_decay_to_half,518.9135031813294,507.6867762594236,11.226726921905765
94,13,Medium,value_decay_to_half,534.2535524739801,510.21902533170555,24.034527142274555
95,7,Low,value_decay_to_half,503.13721107717873,401.1213657791823,102.0158452979964
96,11,Medium,value_decay_to_half,382.8321662489237,382.4558891683359,0.3762770805878404
97,4,Low,value_decay_to_half,556.7966128567331,560.7220665593381,-3.9254537026050684
98,13,Medium,value_decay_to_half,431.8268568719677,411.73995783525254,20.08689903671518
99,31,High,value_decay_to_half,527.7575090938724,507.8632635395484,19.89424555432396
100,8,Low,value_decay_to_half,496.53583496340434,405.8559115982201,90.67992336518427
101,20,High,value_decay_to_half,527.9357863065195,441.8180420680097,86.11774423850983
102,7,Low,value_decay_to_half,343.2752525303871,332.27061415806395,11.004638372323143
103,38,High,value_decay_to_half,371.9885043946891,336.5769536785478,35.41155071614128
104,10,Medium,value_decay_to_half,457.30370016671156,428.95697604357497,28.346724123136596
105,8,Low,value_decay_to_half,551.463533928406,556.4340426510933,-4.970508722687214
106,19,High,value_decay_to_half,452.8290214560761,439.3359352252663,13.493086230809752
107,10,Medium,value_decay_to_half,503.3873377620501,498.4104485023472,4.976889259702887
108,17,Medium,value_decay_to_half,554.9147142936354,559.1044952881732,-4.189780994537841
109,52,High,value_decay_to_half,549.6447731076936,519.0261038104157,30.618669297277847
110,12,Medium,value_decay_to_half,543.3894681185491,518.1300148777951,25.259453240753942
111,36,High,value_decay_to_half,491.98487080506465,464.0731852651228,27.911685539941857
112,13,Medium,value_decay_to_half,500.7569806361493,468.3271869684098,32.42979366773949
113,32,High,value_decay_to_half,452.09287035867095,451.5097438537628,0.5831265049081367
114,9,Low,value_decay_to_half,490.4092301902283,478.58790196348195,11.821328226746346
115,13,Medium,value_decay_to_half,499.42083605153806,473.87158240567805,25.549253645860006
116,23,High,value_decay_to_half,477.18558962751905,439.10212802000325,38.0834616075158
117,34,High,value_decay_to_half,498.38851986371293,465.55158159461143,32.836938269101495
118,9,Low,value_decay_to_half,524.2427457722627,509.48414465299703,14.75860111926562
119,21,High,value_decay_to_half,468.9321557087625,465.3946719157847,3.5374837929777527
120,5,Low,value_decay_to_half,506.9060789149547,507.36220916077275,-0.45613024581803074
121,15,Medium,value_decay_to_half,491.3290720096266,421.10318998708095,70.22588202254565
122,18,Medium,value_decay_to_half,463.53665749481627,457.47897872824075,6.0576787665755205
123,3,Low,value_decay_to_half,474.6212245583926,456.7558058636841,17.865418694708524
124,30,High,value_decay_to_half,465.7368275514324,452.13486016189074,13.601967389541642
125,42,High,value_decay_to_half,561.3756554059855,567.3472244653728,-5.9715690593873205
126,14,Medium,value_decay_to_half,424.8741891894545,367.8796803636782,56.994508825776336
127,21,High,value_decay_to_half,513.0851062033057,496.3995857797115,16.6855204235942
128,9,Low,value_decay_to_half,426.52582118339177,431.79519667340793,-5.269375490016159
129,7,Low,value_decay_to_half,477.50374136447385,459.24125753549754,18.262483828976315
130,4,Low,value_decay_to_half,398.7184713838577,380.2816791661264,18.436792217731295
131,11,Medium,value_decay_to_half,538.9614591818611,513.4721401876625,25.489318994198584
132,3,Low,value_decay_to_half,483.5022236515379,467.9752729000884,15.526950751449533
133,4,Low,value_decay_to_half,546.4149066613379,542.6161614428165,3.7987452185213897
134,6,Low,value_decay_to_half,515.99227931272,467.1611893526274,48.83108996009264
135,13,Medium,value_decay_to_half,488.27091333104516,493.56923069759017,-5.298317366545007
136,16,Medium,value_decay_to_half,433.905235859925,390.92774623405086,42.97748962587417
137,27,High,value_decay_to_half,503.2465856988118,503.75758433859306,-0.5109986397812349
138,21,High,value_decay_to_half,402.27364757709773,388.6326973387678,13.640950238329935
139,8,Low,value_decay_to_half,500.3511573769593,486.76854286678764,13.582614510171652
140,17,Medium,value_decay_to_half,407.0475437552921,381.9055900850761,25.141953670216026
141,7,Low,value_decay_to_half,436.08564273204877,399.89377948956337,36.1918632424854
142,14,Medium,value_decay_to_half,318.571242054234,323.8695594207826,-5.298317366548588
143,4,Low,value_decay_to_half,464.7170382745055,444.2688647270529,20.448173547452598
144,18,Medium,value_decay_to_half,491.5567544682888,441.0152480033333,50.54150646495549
145,18,Medium,value_decay_to_half,410.23236678667496,415.53068415322485,-5.298317366549895
146,22,High,value_decay_to_half,511.30229438444593,488.5764951426909,22.725799241755055
147,18,Medium,value_decay_to_half,515.6387635913798,473.5933063713167,42.04545722006304
148,19,High,value_decay_to_half,449.97301600022814,401.57494727045827,48.398068729769875
149,21,High,value_decay_to_half,455.65029099558234,442.4561571406347,13.194133854947665
0,23,High,value_decay_and_init_center,394.69002401574505,359.94839583447117,34.74162818127388
1,11,Medium,value_decay_and_init_center,507.3437557895143,442.67644727358277,64.66730851593155
2,30,High,value_decay_and_init_center,500.0378235007715,494.3225607424001,5.7152627583713524
3,37,High,value_decay_and_init_center,427.50000747457807,371.0931676327379,56.40683984184017
4,22,High,value_decay_and_init_center,526.705444335216,473.9463899255299,52.759054409686144
5,8,Low,value_decay_and_init_center,556.177972218536,555.6669894915568,0.5109827269791367
6,54,High,value_decay_and_init_center,342.8820638416101,352.2227872663638,-9.340723424753719
7,34,High,value_decay_and_init_center,547.3614425838853,554.7772743339339,-7.415831750048596
8,45,High,value_decay_and_init_center,518.7714238766288,489.5276719665819,29.243751910046853
9,22,High,value_decay_and_init_center,498.51071641499254,507.1176170607474,-8.606900645754877
10,12,Medium,value_decay_and_init_center,510.56038996354596,487.73301374620826,22.8273762173377
11,9,Low,value_decay_and_init_center,556.6585435658869,364.94469774433975,191.71384582154718
12,34,High,value_decay_and_init_center,476.3330117454608,452.5613338620425,23.771677883418306
13,12,Medium,value_decay_and_init_center,476.39079701300983,452.6981282850749,23.692668727934915
14,26,High,value_decay_and_init_center,505.42524685955283,480.1603059328009,25.264940926751933
15,16,Medium,value_decay_and_init_center,532.3343622192136,472.36643829208714,59.96792392712649
16,7,Low,value_decay_and_init_center,464.4142109610313,383.32058466589916,81.09362629513214
17,31,High,value_decay_and_init_center,547.5253027297616,540.4563579900188,7.068944739742847
18,18,Medium,value_decay_and_init_center,504.5464868290375,464.87237919113903,39.67410763789849
19,12,Medium,value_decay_and_init_center,521.7773432681328,512.717175180616,9.060168087516786
20,8,Low,value_decay_and_init_center,549.0220715887646,542.1057976836912,6.9162739050733535
21,43,High,value_decay_and_init_center,522.3604810475721,571.5521306719891,-49.19164962441698
22,28,High,value_decay_and_init_center,537.1838300842356,531.6801890717137,5.503641012521939
23,18,Medium,value_decay_and_init_center,507.8378047556364,464.5273355676272,43.31046918800922
24,1,Low,value_decay_and_init_center,468.35429360711515,474.2969820587215,-5.94268845160633
25,10,Medium,value_decay_and_init_center,528.2706370701143,535.2119172787427,-6.941280208628427
26,16,Medium,value_decay_and_init_center,501.2475576812067,434.43879556895405,66.80876211225262
27,36,High,value_decay_and_init_center,478.3221080002702,412.2020494230628,66.12005857720737
28,37,High,value_decay_and_init_center,460.1620755841282,430.190086858355,29.9719887257732
29,7,Low,value_decay_and_init_center,443.0139609328264,452.5245761967506,-9.510615263924194
30,5,Low,value_decay_and_init_center,520.070113553894,503.6869523693537,16.383161184540256
31,1,Low,value_decay_and_init_center,497.8686875451803,454.4037556307215,43.464931914458816
32,7,Low,value_decay_and_init_center,535.5532338392533,479.34961010554224,56.20362373371103
33,1,Low,value_decay_and_init_center,415.85812221672376,392.29795291959255,23.56016929713121
34,5,Low,value_decay_and_init_center,520.4789992191611,505.2373898360146,15.24160938314651
35,13,Medium,value_decay_and_init_center,470.7447630198508,481.4368542554993,-10.692091235648547
36,14,Medium,value_decay_and_init_center,523.1691057545981,457.5826436988511,65.58646205574706
37,18,Medium,value_decay_and_init_center,513.5837745561458,470.36901803161516,43.214756524530685
38,15,Medium,value_decay_and_init_center,499.3817083459795,431.3835327941062,67.99817555187332
39,1,Low,value_decay_and_init_center,404.9756237629317,415.5722584960288,-10.596634733097062
40,26,High,value_decay_and_init_center,494.7485348044421,461.4310370439434,33.317497760498725
41,18,Medium,value_decay_and_init_center,462.43395018158526,436.3544323207995,26.079517860785757
42,7,Low,value_decay_and_init_center,428.26186052352506,399.8130343728909,28.448826150634147
43,18,Medium,value_decay_and_init_center,495.3485742341742,415.0692510226053,80.27932321156891
44,10,Medium,value_decay_and_init_center,417.11205494004344,418.4677466793533,-1.3556917393098615
45,2,Low,value_decay_and_init_center,455.4212812669507,423.46968977124624,31.951591495704463
46,14,Medium,value_decay_and_init_center,507.62974592490394,476.1244867598791,31.505259165024825
47,2,Low,value_decay_and_init_center,494.18629806878766,443.9878175292156,50.198480539572074
48,8,Low,value_decay_and_init_center,476.8474316165261,455.48757455306844,21.35985706345764
49,8,Low,value_decay_and_init_center,536.6557085813652,518.145252424127,18.510456157238195
50,28,High,value_decay_and_init_center,461.46948420161715,435.54010253787885,25.929381663738297
51,12,Medium,value_decay_and_init_center,408.95066417800786,367.7280194840594,41.22264469394844
52,11,Medium,value_decay_and_init_center,505.7835673125064,499.93784265599436,5.845724656512061
53,26,High,value_decay_and_init_center,508.4213204313675,458.6483462213299,49.7729742100376
54,22,High,value_decay_and_init_center,466.44948354053804,397.67259392642455,68.77688961411349
55,13,Medium,value_decay_and_init_center,468.24016907398203,461.06234948230764,7.1778195916743925
56,8,Low,value_decay_and_init_center,395.6738351113202,359.44350836103024,36.230326750289976
57,9,Low,value_decay_and_init_center,528.057924821279,462.4258509794257,65.6320738418533
58,3,Low,value_decay_and_init_center,540.1839392853743,554.6063339272022,-14.42239464182785
59,21,High,value_decay_and_init_center,410.0684536964898,359.7366301261239,50.33182357036594
60,4,Low,value_decay_and_init_center,546.0317413255011,555.7255513134253,-9.693809987924169
61,17,Medium,value_decay_and_init_center,494.49846264384996,425.7223073232167,68.77615532063328
62,30,High,value_decay_and_init_center,285.6730430954457,275.1821582674153,10.490884828030403
63,23,High,value_decay_and_init_center,517.6166351202978,474.95638690287194,42.660248217425874
64,13,Medium,value_decay_and_init_center,527.4555236565693,464.40286100202974,63.052662654539574
65,6,Low,value_decay_and_init_center,559.569201578173,548.5438417867538,11.025359791419191
66,13,Medium,value_decay_and_init_center,522.2654660932385,473.93428434292406,48.33118175031444
67,15,Medium,value_decay_and_init_center,517.483988678761,487.2876499745001,30.19633870426088
68,28,High,value_decay_and_init_center,364.6318809511943,271.84319370120716,92.78868724998716
69,37,High,value_decay_and_init_center,435.1059833362058,416.2638085077911,18.84217482841467
70,4,Low,value_decay_and_init_center,401.4913751114793,385.59712886478155,15.894246246697719
71,7,Low,value_decay_and_init_center,409.912864877297,380.8676226466704,29.045242230626627
72,7,Low,value_decay_and_init_center,379.8383722813763,365.95547085236444,13.882901429011838
73,26,High,value_decay_and_init_center,500.9499726072388,453.9187563580827,47.0312162491561
74,17,Medium,value_decay_and_init_center,406.9189964216758,357.8078924745271,49.111103947148706
75,8,Low,value_decay_and_init_center,513.7062844380777,472.2284678484427,41.47781658963498
76,24,High,value_decay_and_init_center,436.7082876254407,431.2803289944649,5.427958630975752
77,38,High,value_decay_and_init_center,493.30074301103156,480.2907759725585,13.009967038473064
78,5,Low,value_decay_and_init_center,345.0213345319104,317.34040293164276,27.680931600267627
79,34,High,value_decay_and_init_center,507.7261909526709,458.29408072028,49.43211023239087
80,9,Low,value_decay_and_init_center,508.4223589157186,474.9038926566498,33.51846625906876
81,8,Low,value_decay_and_init_center,493.223256503132,417.36968389269845,75.85357261043356
82,6,Low,value_decay_and_init_center,504.98197162970706,477.22028678642204,27.761684843285025
83,22,High,value_decay_and_init_center,534.034163289051,522.9161504145237,11.118012874527267
84,23,High,value_decay_and_init_center,386.6526469134294,328.33636562269436,58.31628129073505
85,15,Medium,value_decay_and_init_center,396.4536417313451,383.4902439677038,12.963397763641296
86,10,Medium,value_decay_and_init_center,500.18593405176125,479.2019812057255,20.983952846035777
87,9,Low,value_decay_and_init_center,426.0077165988269,408.2431975818421,17.76451901698482
88,22,High,value_decay_and_init_center,478.82908514640036,478.0248924671615,0.8041926792388381
89,10,Medium,value_decay_and_init_center,540.5410889055739,508.20006969173767,32.34101921383626
90,2,Low,value_decay_and_init_center,502.34177812237334,457.6423860110074,44.69939211136597
91,14,Medium,value_decay_and_init_center,500.2419945995371,469.4675478609088,30.774446738628342
92,28,High,value_decay_and_init_center,497.6705608094208,487.7291133714801,9.941447437940724
93,10,Medium,value_decay_and_init_center,518.9135031813294,509.60711466077925,9.306388520550115
94,13,Medium,value_decay_and_init_center,534.2535524739801,502.21828364245783,32.035268831522274
95,7,Low,value_decay_and_init_center,503.13721107717873,404.5606080389482,98.57660303823053
96,11,Medium,value_decay_and_init_center,382.8321662489237,350.6108634537634,32.22130279516034
97,4,Low,value_decay_and_init_center,556.7966128567331,567.3932475898292,-10.596634733096153
98,13,Medium,value_decay_and_init_center,431.8268568719677,412.8907982833138,18.936058588653907
99,31,High,value_decay_and_init_center,527.7575090938724,509.8457590085948,17.91175008527756
100,8,Low,value_decay_and_init_center,496.53583496340434,410.87537859022075,85.66045637318359
101,20,High,value_decay_and_init_center,527.9357863065195,441.78702928981227,86.14875701670724
102,7,Low,value_decay_and_init_center,343.2752525303871,328.89280001072797,14.382452519659125
103,38,High,value_decay_and_init_center,371.9885043946891,321.10138741551157,50.887116979177506
104,10,Medium,value_decay_and_init_center,457.30370016671156,421.7560358084688,35.54766435824274
105,8,Low,value_decay_and_init_center,551.463533928406,560.5885987109698,-9.125064782563754
106,19,High,value_decay_and_init_center,452.8290214560761,387.2520714884443,65.57694996763178
107,10,Medium,value_decay_and_init_center,503.3873377620501,494.556790840979,8.830546921071118
108,17,Medium,value_decay_and_init_center,554.9147142936354,557.8155105685138,-2.9007962748784166
109,52,High,value_decay_and_init_center,549.6447731076936,523.0725405481483,26.57223255954534
110,12,Medium,value_decay_and_init_center,543.3894681185491,523.6965269186189,19.692941199930146
111,36,High,value_decay_and_init_center,491.98487080506465,459.6353861342667,32.34948467079795
112,13,Medium,value_decay_and_init_center,500.7569806361493,466.03944130482853,34.71753933132078
113,32,High,value_decay_and_init_center,452.09287035867095,344.3009433535138,107.79192700515716
114,9,Low,value_decay_and_init_center,490.4092301902283,435.96670341026146,54.44252677996684
115,13,Medium,value_decay_and_init_center,499.42083605153806,458.60651450588955,40.81432154564851
116,23,High,value_decay_and_init_center,477.18558962751905,442.58498649590916,34.60060313160989
117,34,High,value_decay_and_init_center,498.38851986371293,465.08289657593184,33.30562328778109
118,9,Low,value_decay_and_init_center,524.2427457722627,506.7988741898232,17.443871582439442
119,21,High,value_decay_and_init_center,468.9321557087625,417.5721011853042,51.3600545234583
120,5,Low,value_decay_and_init_center,506.9060789149547,509.128522923253,-2.2224440082982824
121,15,Medium,value_decay_and_init_center,491.3290720096266,425.09539332984093,66.23367867978567
122,18,Medium,value_decay_and_init_center,463.53665749481627,449.1518919088146,14.384765586001663
123,3,Low,value_decay_and_init_center,474.6212245583926,460.02587640537774,14.595348153014868
124,30,High,value_decay_and_init_center,465.7368275514324,359.3076458140803,106.42918173735211
125,42,High,value_decay_and_init_center,561.3756554059855,567.1901462853803,-5.814490879394725
126,14,Medium,value_decay_and_init_center,424.8741891894545,371.75343458724205,53.12075460221246
127,21,High,value_decay_and_init_center,513.0851062033057,489.2799261950989,23.805180008206833
128,9,Low,value_decay_and_init_center,426.52582118339177,294.3478666804761,132.17795450291567
129,7,Low,value_decay_and_init_center,477.50374136447385,442.8632323229599,34.64050904151395
130,4,Low,value_decay_and_init_center,398.7184713838577,321.6864569767266,77.0320144071311
131,11,Medium,value_decay_and_init_center,538.9614591818611,495.92054798327985,43.04091119858123
132,3,Low,value_decay_and_init_center,483.5022236515379,439.58067064540353,43.92155300613439
133,4,Low,value_decay_and_init_center,546.4149066613379,524.5678507264093,21.847055934928562
134,6,Low,value_decay_and_init_center,515.99227931272,472.02209424667706,43.97018506604297
135,13,Medium,value_decay_and_init_center,488.27091333104516,464.9237081141831,23.34720521686205
136,16,Medium,value_decay_and_init_center,433.905235859925,379.2301432034984,54.675092656426614
137,27,High,value_decay_and_init_center,503.2465856988118,509.0513014033489,-5.804715704537045
138,21,High,value_decay_and_init_center,402.27364757709773,373.2635018780535,29.010145699044244
139,8,Low,value_decay_and_init_center,500.3511573769593,473.66121973834873,26.68993763861056
140,17,Medium,value_decay_and_init_center,407.0475437552921,377.0001296639428,30.04741409134931
141,7,Low,value_decay_and_init_center,436.08564273204877,399.72093980820057,36.3647029238482
142,14,Medium,value_decay_and_init_center,318.571242054234,315.1372461471325,3.4339959071015187
143,4,Low,value_decay_and_init_center,464.7170382745055,405.36228385024367,59.35475442426184
144,18,Medium,value_decay_and_init_center,491.5567544682888,412.6278607233401,78.92889374494865
145,18,Medium,value_decay_and_init_center,410.23236678667496,405.01051827621677,5.221848510458187
146,22,High,value_decay_and_init_center,511.30229438444593,470.63477642886056,40.66751795558537
147,18,Medium,value_decay_and_init_center,515.6387635913798,479.3353670206432,36.30339657073654
148,19,High,value_decay_and_init_center,449.97301600022814,401.6745052792911,48.29851072093703
149,21,High,value_decay_and_init_center,455.65029099558234,424.58767169117016,31.06261930441218
0,23,High,stage2_value_decay_to_zero,394.69002401574505,373.38848865323644,21.301535362508616
1,11,Medium,stage2_value_decay_to_zero,507.3437557895143,464.01599681638754,43.32775897312678
2,30,High,stage2_value_decay_to_zero,500.0378235007715,490.64533273104996,9.392490769721519
3,37,High,stage2_value_decay_to_zero,427.50000747457807,366.3285797908311,61.17142768374697
4,22,High,stage2_value_decay_to_zero,526.705444335216,479.7498964290153,46.95554790620076
5,8,Low,stage2_value_decay_to_zero,556.177972218536,561.476289585107,-5.298317366571041
6,54,High,stage2_value_decay_to_zero,342.8820638416101,347.52738363934003,-4.64531979772994
7,34,High,stage2_value_decay_to_zero,547.3614425838853,552.6597599226504,-5.298317338765173
8,45,High,stage2_value_decay_to_zero,518.7714238766288,484.40670897996347,34.364714896665305
9,22,High,stage2_value_decay_to_zero,498.51071641499254,503.80903378152806,-5.298317366535514
10,12,Medium,stage2_value_decay_to_zero,510.56038996354596,482.4346963782489,28.125693585297086
11,9,Low,stage2_value_decay_to_zero,556.6585435658869,359.6463803777858,197.0121631881011
12,34,High,stage2_value_decay_to_zero,476.3330117454608,452.29218142237454,24.040830323086254
13,12,Medium,stage2_value_decay_to_zero,476.39079701300983,453.40852315756655,22.98227385544328
14,26,High,stage2_value_decay_to_zero,505.42524685955283,475.21468338491053,30.2105634746423
15,16,Medium,stage2_value_decay_to_zero,532.3343622192136,476.97601946640185,55.35834275281178
16,7,Low,stage2_value_decay_to_zero,464.4142109610313,397.876004547272,66.53820641375933
17,31,High,stage2_value_decay_to_zero,547.5253027297616,540.9465188037258,6.57878392603584
18,18,Medium,stage2_value_decay_to_zero,504.5464868290375,482.84456246114655,21.701924367890967
19,12,Medium,stage2_value_decay_to_zero,521.7773432681328,515.5140176740427,6.26332559409002
20,8,Low,stage2_value_decay_to_zero,549.0220715887646,541.0617575587773,7.960314029987217
21,43,High,stage2_value_decay_to_zero,522.3604810475721,512.6165671295942,9.74391391797792
22,28,High,stage2_value_decay_to_zero,537.1838300842356,527.4703420477057,9.713488036529952
23,18,Medium,stage2_value_decay_to_zero,507.8378047556364,466.4191392193083,41.41866553632809
24,1,Low,stage2_value_decay_to_zero,468.35429360711515,468.99866522228433,-0.6443716151691774
25,10,Medium,stage2_value_decay_to_zero,528.2706370701143,529.913599912267,-1.6429628421527696
26,16,Medium,stage2_value_decay_to_zero,501.2475576812067,429.30748831407385,71.94006936713282
27,36,High,stage2_value_decay_to_zero,478.3221080002702,422.33616760288373,55.98594039738646
28,37,High,stage2_value_decay_to_zero,460.1620755841282,427.0739951234345,33.08808046069373
29,7,Low,stage2_value_decay_to_zero,443.0139609328264,447.22625883006987,-4.212297897243445
30,5,Low,stage2_value_decay_to_zero,520.070113553894,498.55191542295904,21.518198130934934
31,1,Low,stage2_value_decay_to_zero,497.8686875451803,450.00260598276566,47.86608156241465
32,7,Low,stage2_value_decay_to_zero,535.5532338392533,481.24712044158866,54.3061133976646
33,1,Low,stage2_value_decay_to_zero,415.85812221672376,391.3693681347064,24.48875408201735
34,5,Low,stage2_value_decay_to_zero,520.4789992191611,505.0289034665847,15.450095752576374
35,13,Medium,stage2_value_decay_to_zero,470.7447630198508,476.13853669595693,-5.39377367610615
36,14,Medium,stage2_value_decay_to_zero,523.1691057545981,477.7295860237324,45.439519730865754
37,18,Medium,stage2_value_decay_to_zero,513.5837745561458,478.15530593181796,35.42846862432788
38,15,Medium,stage2_value_decay_to_zero,499.3817083459795,457.92854758093046,41.45316076504906
39,1,Low,stage2_value_decay_to_zero,404.9756237629317,410.27394112948076,-5.298317366549043
40,26,High,stage2_value_decay_to_zero,494.7485348044421,458.6540255879101,36.094509216532
41,18,Medium,stage2_value_decay_to_zero,462.43395018158526,438.1647659477769,24.269184233808346
42,7,Low,stage2_value_decay_to_zero,428.26186052352506,412.48371398422296,15.7781465393021
43,18,Medium,stage2_value_decay_to_zero,495.3485742341742,411.2384631050817,84.1101111290925
44,10,Medium,stage2_value_decay_to_zero,417.11205494004344,416.81072399421936,0.30133094582407693
45,2,Low,stage2_value_decay_to_zero,455.4212812669507,428.61178927379103,26.809491993159668
46,14,Medium,stage2_value_decay_to_zero,507.62974592490394,473.55586733414253,34.07387859076141
47,2,Low,stage2_value_decay_to_zero,494.18629806878766,439.56484831245325,54.621449756334414
48,8,Low,stage2_value_decay_to_zero,476.8474316165261,470.58977189634146,6.25765972018462
49,8,Low,stage2_value_decay_to_zero,536.6557085813652,527.058433692503,9.597274888862216
50,28,High,stage2_value_decay_to_zero,461.46948420161715,451.819921268443,9.649562933174138
51,12,Medium,stage2_value_decay_to_zero,408.95066417800786,406.2564113354855,2.69425284252236
52,11,Medium,stage2_value_decay_to_zero,505.7835673125064,509.5763644125414,-3.7927971000349885
53,26,High,stage2_value_decay_to_zero,508.4213204313675,495.05355353950034,13.367766891867177
54,22,High,stage2_value_decay_to_zero,466.44948354053804,392.38506152535393,74.0644220151841
55,13,Medium,stage2_value_decay_to_zero,468.24016907398203,455.80688676189584,12.433282312086192
56,8,Low,stage2_value_decay_to_zero,395.6738351113202,361.941147006132,33.73268810518823
57,9,Low,stage2_value_decay_to_zero,528.057924821279,457.12753361268426,70.93039120859476
58,3,Low,stage2_value_decay_to_zero,540.1839392853743,557.9360471411213,-17.752107855747
59,21,High,stage2_value_decay_to_zero,410.0684536964898,360.5776303391849,49.49082335730492
60,4,Low,stage2_value_decay_to_zero,546.0317413255011,551.3300586920578,-5.2983173665567165
61,17,Medium,stage2_value_decay_to_zero,494.49846264384996,428.7999665982978,65.69849604555219
62,30,High,stage2_value_decay_to_zero,285.6730430954457,269.8838409008643,15.789202194581378
63,23,High,stage2_value_decay_to_zero,517.6166351202978,484.27639982898336,33.34023529131446
64,13,Medium,stage2_value_decay_to_zero,527.4555236565693,461.7664764551635,65.6890472014058
65,6,Low,stage2_value_decay_to_zero,559.569201578173,553.779251997612,5.789949580560915
66,13,Medium,stage2_value_decay_to_zero,522.2654660932385,494.3379453027143,27.927520790524227
67,15,Medium,stage2_value_decay_to_zero,517.483988678761,481.98933260795116,35.49465607080981
68,28,High,stage2_value_decay_to_zero,364.6318809511943,266.5448763346583,98.08700461653603
69,37,High,stage2_value_decay_to_zero,435.1059833362058,414.6933089486716,20.412674387534196
70,4,Low,stage2_value_decay_to_zero,401.4913751114793,391.2339470073857,10.257428104093549
71,7,Low,stage2_value_decay_to_zero,409.912864877297,389.64720318080754,20.265661696489474
72,7,Low,stage2_value_decay_to_zero,379.8383722813763,384.11699370495234,-4.278621423576055
73,26,High,stage2_value_decay_to_zero,500.9499726072388,488.81870534061994,12.131267266618863
74,17,Medium,stage2_value_decay_to_zero,406.9189964216758,365.5935133061074,41.325483115568375
75,8,Low,stage2_value_decay_to_zero,513.7062844380777,501.0588110708128,12.647473367264865
76,24,High,stage2_value_decay_to_zero,436.7082876254407,429.6358103021354,7.072477323305293
77,38,High,stage2_value_decay_to_zero,493.30074301103156,474.99245860596227,18.308284405069287
78,5,Low,stage2_value_decay_to_zero,345.0213345319104,345.4234772403702,-0.4021427084597917
79,34,High,stage2_value_decay_to_zero,507.7261909526709,463.97429705366727,43.75189389900362
80,9,Low,stage2_value_decay_to_zero,508.4223589157186,490.63160374295416,17.79075517276442
81,8,Low,stage2_value_decay_to_zero,493.223256503132,436.96806211554593,56.25519438758607
82,6,Low,stage2_value_decay_to_zero,504.98197162970706,483.45360720190195,21.528364427805116
83,22,High,stage2_value_decay_to_zero,534.034163289051,528.016154273575,6.018009015475968
84,23,High,stage2_value_decay_to_zero,386.6526469134294,342.23532140693294,44.41732550649647
85,15,Medium,stage2_value_decay_to_zero,396.4536417313451,394.66867901269507,1.7849627186500356
86,10,Medium,stage2_value_decay_to_zero,500.18593405176125,486.00707107286587,14.178862978895381
87,9,Low,stage2_value_decay_to_zero,426.0077165988269,413.6605233997097,12.347193199117214
88,22,High,stage2_value_decay_to_zero,478.82908514640036,472.7265751006307,6.102510045769634
89,10,Medium,stage2_value_decay_to_zero,540.5410889055739,507.3840500123386,33.157038893235324
90,2,Low,stage2_value_decay_to_zero,502.34177812237334,458.05646617724454,44.2853119451288
91,14,Medium,stage2_value_decay_to_zero,500.2419945995371,464.16923049436326,36.07276410517386
92,28,High,stage2_value_decay_to_zero,497.6705608094208,482.4307960049474,15.239764804473396
93,10,Medium,stage2_value_decay_to_zero,518.9135031813294,506.2989777885343,12.614525392795088
94,13,Medium,stage2_value_decay_to_zero,534.2535524739801,501.8221988810892,32.4313535928909
95,7,Low,stage2_value_decay_to_zero,503.13721107717873,428.0974527011534,75.03975837602536
96,11,Medium,stage2_value_decay_to_zero,382.8321662489237,347.1911405302051,35.64102571871865
97,4,Low,stage2_value_decay_to_zero,556.7966128567331,544.5527597313977,12.243853125335363
98,13,Medium,stage2_value_decay_to_zero,431.8268568719677,433.12615093268715,-1.2992940607194328
99,31,High,stage2_value_decay_to_zero,527.7575090938724,511.5000657379437,16.25744335592867
100,8,Low,stage2_value_decay_to_zero,496.53583496340434,439.2915854417922,57.24424952161212
101,20,High,stage2_value_decay_to_zero,527.9357863065195,455.7537647990499,72.18202150746959
102,7,Low,stage2_value_decay_to_zero,343.2752525303871,324.68217687983696,18.593075650550134
103,38,High,stage2_value_decay_to_zero,371.9885043946891,325.4784941112498,46.51001028343927
104,10,Medium,stage2_value_decay_to_zero,457.30370016671156,423.6208776606197,33.68282250609184
105,8,Low,stage2_value_decay_to_zero,551.463533928406,560.7086358625612,-9.245101934155173
106,19,High,stage2_value_decay_to_zero,452.8290214560761,381.95375412189617,70.87526733417991
107,10,Medium,stage2_value_decay_to_zero,503.3873377620501,495.64859506754453,7.738742694505561
108,17,Medium,stage2_value_decay_to_zero,554.9147142936354,564.867518944721,-9.952804651085671
109,52,High,stage2_value_decay_to_zero,549.6447731076936,541.7832896100144,7.86148349767916
110,12,Medium,stage2_value_decay_to_zero,543.3894681185491,531.6222195366773,11.76724858187174
111,36,High,stage2_value_decay_to_zero,491.98487080506465,463.85221360051145,28.132657204553198
112,13,Medium,stage2_value_decay_to_zero,500.7569806361493,472.079474643073,28.677505993076295
113,32,High,stage2_value_decay_to_zero,452.09287035867095,339.0026259869658,113.09024437170513
114,9,Low,stage2_value_decay_to_zero,490.4092301902283,431.9814166765828,58.4278135136455
115,13,Medium,stage2_value_decay_to_zero,499.42083605153806,459.4490477148009,39.97178833673718
116,23,High,stage2_value_decay_to_zero,477.18558962751905,450.31508567161376,26.870503955905292
117,34,High,stage2_value_decay_to_zero,498.38851986371293,470.6953931119779,27.693126751735008
118,9,Low,stage2_value_decay_to_zero,524.2427457722627,505.3306238174284,18.912121954834276
119,21,High,stage2_value_decay_to_zero,468.9321557087625,412.5523820143893,56.37977369437317
120,5,Low,stage2_value_decay_to_zero,506.9060789149547,506.94773068627285,-0.04165177131812925
121,15,Medium,stage2_value_decay_to_zero,491.3290720096266,451.32904582696904,40.000026182657564
122,18,Medium,stage2_value_decay_to_zero,463.53665749481627,449.69691588424234,13.839741610573924
123,3,Low,stage2_value_decay_to_zero,474.6212245583926,471.44248635163035,3.1787382067622616
124,30,High,stage2_value_decay_to_zero,465.7368275514324,354.5745624832273,111.1622650682051
125,42,High,stage2_value_decay_to_zero,561.3756554059855,570.4126963876008,-9.037040981615291
126,14,Medium,stage2_value_decay_to_zero,424.8741891894545,399.60988183426895,25.264307355185565
127,21,High,stage2_value_decay_to_zero,513.0851062033057,485.7593778022898,27.32572840101591
128,9,Low,stage2_value_decay_to_zero,426.52582118339177,289.04954931392774,137.47627186946403
129,7,Low,stage2_value_decay_to_zero,477.50374136447385,440.8544557809127,36.64928558356115
130,4,Low,stage2_value_decay_to_zero,398.7184713838577,316.57679247999346,82.14167890386426
131,11,Medium,stage2_value_decay_to_zero,538.9614591818611,492.16476017334463,46.79669900851644
132,3,Low,stage2_value_decay_to_zero,483.5022236515379,435.4838682560457,48.01835539549222
133,4,Low,stage2_value_decay_to_zero,546.4149066613379,519.2695333848609,27.145373276477017
134,6,Low,stage2_value_decay_to_zero,515.99227931272,490.35002923674864,25.64225007597139
135,13,Medium,stage2_value_decay_to_zero,488.27091333104516,459.6253907476401,28.645522583405068
136,16,Medium,stage2_value_decay_to_zero,433.905235859925,392.11674482761714,41.78849103230789
137,27,High,stage2_value_decay_to_zero,503.2465856988118,503.78371501636843,-0.5371293175566052
138,21,High,stage2_value_decay_to_zero,402.27364757709773,371.2634969512482,31.01015062584952
139,8,Low,stage2_value_decay_to_zero,500.3511573769593,469.0168041670131,31.334353209946187
140,17,Medium,stage2_value_decay_to_zero,407.0475437552921,388.02451853181736,19.023025223474747
141,7,Low,stage2_value_decay_to_zero,436.08564273204877,406.89326151735753,29.19238121469124
142,14,Medium,stage2_value_decay_to_zero,318.571242054234,309.8389287803478,8.732313273886177
143,4,Low,stage2_value_decay_to_zero,464.7170382745055,410.76222811887186,53.95481015563365
144,18,Medium,stage2_value_decay_to_zero,491.5567544682888,413.3390319627848,78.21772250550396
145,18,Medium,stage2_value_decay_to_zero,410.23236678667496,399.7122009094921,10.520165877182876
146,22,High,stage2_value_decay_to_zero,511.30229438444593,465.33645906238644,45.96583532205949
147,18,Medium,stage2_value_decay_to_zero,515.6387635913798,501.4565842957947,14.182179295585058
148,19,High,stage2_value_decay_to_zero,449.97301600022814,424.0920764030866,25.88093959714155
149,21,High,stage2_value_decay_to_zero,455.65029099558234,420.7642877379573,34.88600325762502
0,23,High,stage2_value_decay_to_half,394.69002401574505,373.9942487765593,20.695775239185764
1,11,Medium,stage2_value_decay_to_half,507.3437557895143,439.1213775596656,68.22237822984874
2,30,High,stage2_value_decay_to_half,500.0378235007715,497.2918522172527,2.74597128351877
3,37,High,stage2_value_decay_to_half,427.50000747457807,430.0578171340593,-2.5578096594812223
4,22,High,stage2_value_decay_to_half,526.705444335216,474.9419318085291,51.76351252668695
5,8,Low,stage2_value_decay_to_half,556.177972218536,557.1879522316805,-1.0099800131445136
6,54,High,stage2_value_decay_to_half,342.8820638416101,348.18038120827384,-5.298317366663753
7,34,High,stage2_value_decay_to_half,547.3614425838853,547.9193600107318,-0.5579174268465295
8,45,High,stage2_value_decay_to_half,518.7714238766288,505.6857445100851,13.085679366543673
9,22,High,stage2_value_decay_to_half,498.51071641499254,503.7087646674028,-5.198048252410274
10,12,Medium,stage2_value_decay_to_half,510.56038996354596,515.7999427300401,-5.239552766494171
11,9,Low,stage2_value_decay_to_half,556.6585435658869,561.1118373320867,-4.453293766199749
12,34,High,stage2_value_decay_to_half,476.3330117454608,462.5879279533839,13.745083792076912
13,12,Medium,stage2_value_decay_to_half,476.39079701300983,458.7811935498162,17.60960346319365
14,26,High,stage2_value_decay_to_half,505.42524685955283,498.64264109978194,6.782605759770888
15,16,Medium,stage2_value_decay_to_half,532.3343622192136,477.9644555709452,54.369906648268454
16,7,Low,stage2_value_decay_to_half,464.4142109610313,396.611359739426,67.8028512216053
17,31,High,stage2_value_decay_to_half,547.5253027297616,535.501754641924,12.02354808783764
18,18,Medium,stage2_value_decay_to_half,504.5464868290375,460.63700381690836,43.90948301212916
19,12,Medium,stage2_value_decay_to_half,521.7773432681328,509.96561351205133,11.811729756081434
20,8,Low,stage2_value_decay_to_half,549.0220715887646,537.034795082154,11.987276506610556
21,43,High,stage2_value_decay_to_half,522.3604810475721,527.6587984102347,-5.298317362662601
22,28,High,stage2_value_decay_to_half,537.1838300842356,528.2221042798402,8.961725804395428
23,18,Medium,stage2_value_decay_to_half,507.8378047556364,470.46781404657287,37.36999070906353
24,1,Low,stage2_value_decay_to_half,468.35429360711515,473.6526109736621,-5.298317366546939
25,10,Medium,stage2_value_decay_to_half,528.2706370701143,532.7665176723067,-4.495880602192415
26,16,Medium,stage2_value_decay_to_half,501.2475576812067,493.51539920653727,7.732158474669404
27,36,High,stage2_value_decay_to_half,478.3221080002702,435.58092932559777,42.741178674672426
28,37,High,stage2_value_decay_to_half,460.1620755841282,463.9352588543379,-3.7731832702096995
29,7,Low,stage2_value_decay_to_half,443.0139609328264,448.3087981539796,-5.294837221153159
30,5,Low,stage2_value_decay_to_half,520.070113553894,524.6528458186873,-4.5827322647933215
31,1,Low,stage2_value_decay_to_half,497.8686875451803,478.00052377671494,19.868163768465365
32,7,Low,stage2_value_decay_to_half,535.5532338392533,490.30616545759796,45.24706838165531
33,1,Low,stage2_value_decay_to_half,415.85812221672376,418.0836781172077,-2.2255559004839256
34,5,Low,stage2_value_decay_to_half,520.4789992191611,499.9912609145716,20.48773830458947
35,13,Medium,stage2_value_decay_to_half,470.7447630198508,476.04308038665613,-5.29831736680535
36,14,Medium,stage2_value_decay_to_half,523.1691057545981,452.51612607581853,70.65297967877962
37,18,Medium,stage2_value_decay_to_half,513.5837745561458,468.3700321249692,45.21374243117663
38,15,Medium,stage2_value_decay_to_half,499.3817083459795,426.68040976350557,72.70129858247395
39,1,Low,stage2_value_decay_to_half,404.9756237629317,407.60191125127096,-2.626287488339244
40,26,High,stage2_value_decay_to_half,494.7485348044421,489.8047883743704,4.943746430071712
41,18,Medium,stage2_value_decay_to_half,462.43395018158526,438.60135377202687,23.83259640955839
42,7,Low,stage2_value_decay_to_half,428.26186052352506,401.8585589139376,26.40330160958746
43,18,Medium,stage2_value_decay_to_half,495.3485742341742,465.9568793837621,29.39169485041208
44,10,Medium,stage2_value_decay_to_half,417.11205494004344,420.3300308528203,-3.217975912776865
45,2,Low,stage2_value_decay_to_half,455.4212812669507,424.03392023860835,31.387361028342355
46,14,Medium,stage2_value_decay_to_half,507.62974592490394,485.77055773949036,21.859188185413586
47,2,Low,stage2_value_decay_to_half,494.18629806878766,481.3235690379139,12.862729030873766
48,8,Low,stage2_value_decay_to_half,476.8474316165261,450.22183423616804,26.625597380358045
49,8,Low,stage2_value_decay_to_half,536.6557085813652,512.0641038420364,24.591604739328773
50,28,High,stage2_value_decay_to_half,461.46948420161715,431.612611671296,29.85687253032114
51,12,Medium,stage2_value_decay_to_half,408.95066417800786,368.2079675252243,40.742696652783536
52,11,Medium,stage2_value_decay_to_half,505.7835673125064,493.75854012436827,12.025027188138154
53,26,High,stage2_value_decay_to_half,508.4213204313675,453.9053855367116,54.51593489465591
54,22,High,stage2_value_decay_to_half,466.44948354053804,452.251958574237,14.197524966301046
55,13,Medium,stage2_value_decay_to_half,468.24016907398203,481.4239936960927,-13.183824622110649
56,8,Low,stage2_value_decay_to_half,395.6738351113202,380.8222836804388,14.851551430881443
57,9,Low,stage2_value_decay_to_half,528.057924821279,520.196926943958,7.860997877320983
58,3,Low,stage2_value_decay_to_half,540.1839392853743,550.943333957855,-10.759394672480653
59,21,High,stage2_value_decay_to_half,410.0684536964898,399.33911502796735,10.729338668522473
60,4,Low,stage2_value_decay_to_half,546.0317413255011,551.1164654624816,-5.084724136980526
61,17,Medium,stage2_value_decay_to_half,494.49846264384996,431.7291889115699,62.769273732280055
62,30,High,stage2_value_decay_to_half,285.6730430954457,290.9713604619977,-5.2983173665519985
63,23,High,stage2_value_decay_to_half,517.6166351202978,470.60139667703453,47.015238443263286
64,13,Medium,stage2_value_decay_to_half,527.4555236565693,478.11276090113677,49.342762755432545
65,6,Low,stage2_value_decay_to_half,559.569201578173,543.5590936494723,16.010107928700677
66,13,Medium,stage2_value_decay_to_half,522.2654660932385,469.67292890973965,52.59253718349885
67,15,Medium,stage2_value_decay_to_half,517.483988678761,514.563851903107,2.9201367756539867
68,28,High,stage2_value_decay_to_half,364.6318809511943,369.93019831773694,-5.298317366542619
69,37,High,stage2_value_decay_to_half,435.1059833362058,429.5141241427601,5.591859193445657
70,4,Low,stage2_value_decay_to_half,401.4913751114793,393.12149443396663,8.36988067751264
71,7,Low,stage2_value_decay_to_half,409.912864877297,388.9459891643854,20.966875712911587
72,7,Low,stage2_value_decay_to_half,379.8383722813763,359.348328317329,20.49004396404729
73,26,High,stage2_value_decay_to_half,500.9499726072388,449.6413201939622,51.308652413276604
74,17,Medium,stage2_value_decay_to_half,406.9189964216758,398.4584906452431,8.460505776432683
75,8,Low,stage2_value_decay_to_half,513.7062844380777,467.5356629546248,46.17062148345286
76,24,High,stage2_value_decay_to_half,436.7082876254407,439.60294784328414,-2.894660217843466
77,38,High,stage2_value_decay_to_half,493.30074301103156,498.35910689571654,-5.058363884684979
78,5,Low,stage2_value_decay_to_half,345.0213345319104,310.81195943087727,34.20937510103312
79,34,High,stage2_value_decay_to_half,507.7261909526709,480.1792910976437,27.546899855027164
80,9,Low,stage2_value_decay_to_half,508.4223589157186,469.601808946749,38.8205499689696
81,8,Low,stage2_value_decay_to_half,493.223256503132,420.1425310284133,73.08072547471869
82,6,Low,stage2_value_decay_to_half,504.98197162970706,476.3250144535596,28.656957176147444
83,22,High,stage2_value_decay_to_half,534.034163289051,517.33280728412,16.70135600493097
84,23,High,stage2_value_decay_to_half,386.6526469134294,350.43712330204465,36.215523611384754
85,15,Medium,stage2_value_decay_to_half,396.4536417313451,390.57553833986134,5.878103391483762
86,10,Medium,stage2_value_decay_to_half,500.18593405176125,475.8918752735209,24.294058778240355
87,9,Low,stage2_value_decay_to_half,426.0077165988269,414.67650366363796,11.331212935188944
88,22,High,stage2_value_decay_to_half,478.82908514640036,510.1819013784408,-31.352816232040425
89,10,Medium,stage2_value_decay_to_half,540.5410889055739,509.7977163712769,30.74337253429701
90,2,Low,stage2_value_decay_to_half,502.34177812237334,477.1780948987323,25.163683223641044
91,14,Medium,stage2_value_decay_to_half,500.2419945995371,500.15787592899466,0.08411867054246613
92,28,High,stage2_value_decay_to_half,497.6705608094208,495.7728554301381,1.8977053792826837
93,10,Medium,stage2_value_decay_to_half,518.9135031813294,507.68677632747267,11.22672685385669
94,13,Medium,stage2_value_decay_to_half,534.2535524739801,510.21902533142617,24.03452714255394
95,7,Low,stage2_value_decay_to_half,503.13721107717873,401.1213657791828,102.01584529799595
96,11,Medium,stage2_value_decay_to_half,382.8321662489237,382.4558891683355,0.3762770805882383
97,4,Low,stage2_value_decay_to_half,556.7966128567331,560.7220665593381,-3.9254537026050684
98,13,Medium,stage2_value_decay_to_half,431.8268568719677,411.7399578352747,20.086899036693012
99,31,High,stage2_value_decay_to_half,527.7575090938724,507.8632635419865,19.894245551885888
100,8,Low,stage2_value_decay_to_half,496.53583496340434,405.85591159821973,90.6799233651846
101,20,High,stage2_value_decay_to_half,527.9357863065195,441.8180420682117,86.11774423830781
102,7,Low,stage2_value_decay_to_half,343.2752525303871,332.2706141580655,11.004638372321608
103,38,High,stage2_value_decay_to_half,371.9885043946891,336.576953459518,35.41155093517108
104,10,Medium,stage2_value_decay_to_half,457.30370016671156,428.9569760496158,28.34672411709579
105,8,Low,stage2_value_decay_to_half,551.463533928406,556.4340426390868,-4.970508710680747
106,19,High,stage2_value_decay_to_half,452.8290214560761,439.3359352252368,13.493086230839253
107,10,Medium,stage2_value_decay_to_half,503.3873377620501,498.4104485023481,4.976889259701977
108,17,Medium,stage2_value_decay_to_half,554.9147142936354,559.1044879580256,-4.189773664390259
109,52,High,stage2_value_decay_to_half,549.6447731076936,519.0261038103952,30.618669297298425
110,12,Medium,stage2_value_decay_to_half,543.3894681185491,518.1300148777793,25.259453240769744
111,36,High,stage2_value_decay_to_half,491.98487080506465,464.07318526512205,27.911685539942596
112,13,Medium,stage2_value_decay_to_half,500.7569806361493,468.32718696840897,32.42979366774034
113,32,High,stage2_value_decay_to_half,452.09287035867095,451.5097449884919,0.5831253701790615
114,9,Low,stage2_value_decay_to_half,490.4092301902283,478.5879019634739,11.821328226754417
115,13,Medium,stage2_value_decay_to_half,499.42083605153806,473.8715830598337,25.54925299170435
116,23,High,stage2_value_decay_to_half,477.18558962751905,439.1021280198897,38.083461607629374
117,34,High,stage2_value_decay_to_half,498.38851986371293,465.5515815946116,32.836938269101324
118,9,Low,stage2_value_decay_to_half,524.2427457722627,509.4841446531027,14.758601119159948
119,21,High,stage2_value_decay_to_half,468.9321557087625,465.39467179398605,3.5374839147764305
120,5,Low,stage2_value_decay_to_half,506.9060789149547,507.36220916076275,-0.4561302458080263
121,15,Medium,stage2_value_decay_to_half,491.3290720096266,421.1031899870803,70.22588202254627
122,18,Medium,stage2_value_decay_to_half,463.53665749481627,457.4789787281885,6.05767876662776
123,3,Low,stage2_value_decay_to_half,474.6212245583926,456.7558058637912,17.86541869460143
124,30,High,stage2_value_decay_to_half,465.7368275514324,452.13486016189097,13.601967389541414
125,42,High,stage2_value_decay_to_half,561.3756554059855,567.3472244639793,-5.971569057993747
126,14,Medium,stage2_value_decay_to_half,424.8741891894545,367.87968036356904,56.994508825885475
127,21,High,stage2_value_decay_to_half,513.0851062033057,496.399585779591,16.685520423714706
128,9,Low,stage2_value_decay_to_half,426.52582118339177,431.7951966733758,-5.269375489984043
129,7,Low,stage2_value_decay_to_half,477.50374136447385,459.2412575354971,18.26248382897677
130,4,Low,stage2_value_decay_to_half,398.7184713838577,380.2816791661265,18.436792217731238
131,11,Medium,stage2_value_decay_to_half,538.9614591818611,513.4721401876617,25.48931899419938
132,3,Low,stage2_value_decay_to_half,483.5022236515379,467.97527290008316,15.526950751454763
133,4,Low,stage2_value_decay_to_half,546.4149066613379,542.6161614427846,3.7987452185533357
134,6,Low,stage2_value_decay_to_half,515.99227931272,467.16118935260664,48.83108996011339
135,13,Medium,stage2_value_decay_to_half,488.27091333104516,493.5692306975922,-5.298317366547053
136,16,Medium,stage2_value_decay_to_half,433.905235859925,390.92774623405154,42.97748962587349
137,27,High,stage2_value_decay_to_half,503.2465856988118,503.7575843392853,-0.5109986404734741
138,21,High,stage2_value_decay_to_half,402.27364757709773,388.63269733876706,13.640950238330674
139,8,Low,stage2_value_decay_to_half,500.3511573769593,486.76854286675473,13.582614510204564
140,17,Medium,stage2_value_decay_to_half,407.0475437552921,381.9055900850762,25.141953670215912
141,7,Low,stage2_value_decay_to_half,436.08564273204877,399.89377948956366,36.19186324248511
142,14,Medium,stage2_value_decay_to_half,318.571242054234,323.8695594207823,-5.298317366548304
143,4,Low,stage2_value_decay_to_half,464.7170382745055,444.2688647270534,20.448173547452086
144,18,Medium,stage2_value_decay_to_half,491.5567544682888,441.0152480033336,50.54150646495515
145,18,Medium,stage2_value_decay_to_half,410.23236678667496,415.53068415339027,-5.29831736671531
146,22,High,stage2_value_decay_to_half,511.30229438444593,488.57649514237966,22.725799242066273
147,18,Medium,stage2_value_decay_to_half,515.6387635913798,473.5933063713012,42.04545722007856
148,19,High,stage2_value_decay_to_half,449.97301600022814,401.5749472704592,48.398068729768966
149,21,High,stage2_value_decay_to_half,455.65029099558234,442.45615714063564,13.194133854946699
0,23,High,q_init_05,394.69002401574505,397.68468809948985,-2.9946640837447944
1,11,Medium,q_init_05,507.3437557895143,507.201777872214,0.1419779173003235
2,30,High,q_init_05,500.0378235007715,502.211595496627,-2.1737719958555317
3,37,High,q_init_05,427.50000747457807,481.3867290339145,-53.88672155933642
4,22,High,q_init_05,526.705444335216,526.1324604594098,0.5729838758062442
5,8,Low,q_init_05,556.177972218536,556.118636559726,0.059335658809914094
6,54,High,q_init_05,342.8820638416101,437.3205776769189,-94.43851383530881
7,34,High,q_init_05,547.3614425838853,547.3717697485976,-0.01032716471229378
8,45,High,q_init_05,518.7714238766288,521.6474455448412,-2.8760216682123882
9,22,High,q_init_05,498.51071641499254,496.7199662296115,1.7907501853810572
10,12,Medium,q_init_05,510.56038996354596,511.5427855092101,-0.9823955456641329
11,9,Low,q_init_05,556.6585435658869,563.5271041204746,-6.868560554587702
12,34,High,q_init_05,476.3330117454608,478.7877780617449,-2.454766316284122
13,12,Medium,q_init_05,476.39079701300983,470.2087142470091,6.182082766000747
14,26,High,q_init_05,505.42524685955283,516.8161670016764,-11.390920142123548
15,16,Medium,q_init_05,532.3343622192136,533.5437107058289,-1.2093484866152266
16,7,Low,q_init_05,464.4142109610313,459.5702519572779,4.843959003753412
17,31,High,q_init_05,547.5253027297616,548.2103320962758,-0.6850293665141862
18,18,Medium,q_init_05,504.5464868290375,507.5204544015737,-2.9739675725361963
19,12,Medium,q_init_05,521.7773432681328,532.6668353265503,-10.889492058417545
20,8,Low,q_init_05,549.0220715887646,550.4512144438527,-1.4291428550881164
21,43,High,q_init_05,522.3604810475721,560.9554959388929,-38.59501489132083
22,28,High,q_init_05,537.1838300842356,540.0189849733288,-2.8351548890931326
23,18,Medium,q_init_05,507.8378047556364,506.4458625427249,1.3919422129114878
24,1,Low,q_init_05,468.35429360711515,469.3709862761049,-1.0166926689897196
25,10,Medium,q_init_05,528.2706370701143,533.662752084456,-5.392115014341698
26,16,Medium,q_init_05,501.2475576812067,504.2048544337387,-2.957296752532045
27,36,High,q_init_05,478.3221080002702,479.7910941345772,-1.4689861343069879
28,37,High,q_init_05,460.1620755841282,477.509231043993,-17.34715545986478
29,7,Low,q_init_05,443.0139609328264,471.1187720789526,-28.104811146126167
30,5,Low,q_init_05,520.070113553894,520.4178763953685,-0.3477628414744913
31,1,Low,q_init_05,497.8686875451803,499.595527925676,-1.7268403804956733
32,7,Low,q_init_05,535.5532338392533,536.9570696773369,-1.403835838083637
33,1,Low,q_init_05,415.85812221672376,413.8298735161658,2.028248700557981
34,5,Low,q_init_05,520.4789992191611,519.2179334550933,1.26106576406778
35,13,Medium,q_init_05,470.7447630198508,562.3417902996129,-91.59702727976207
36,14,Medium,q_init_05,523.1691057545981,521.1585754597179,2.0105302948802546
37,18,Medium,q_init_05,513.5837745561458,515.7276453597811,-2.143870803635309
38,15,Medium,q_init_05,499.3817083459795,500.7076358943482,-1.3259275483686679
39,1,Low,q_init_05,404.9756237629317,448.6370549853863,-43.66143122245461
40,26,High,q_init_05,494.7485348044421,495.02358178121773,-0.27504697677562717
41,18,Medium,q_init_05,462.43395018158526,462.6579781209773,-0.22402793939204457
42,7,Low,q_init_05,428.26186052352506,424.9518169245131,3.3100435990119763
43,18,Medium,q_init_05,495.3485742341742,491.9107821789601,3.437792055214061
44,10,Medium,q_init_05,417.11205494004344,417.27597188885784,-0.16391694881440344
45,2,Low,q_init_05,455.4212812669507,454.6909536195079,0.7303276474427776
46,14,Medium,q_init_05,507.62974592490394,530.2462304746932,-22.616484549789277
47,2,Low,q_init_05,494.18629806878766,495.4488129018579,-1.2625148330702132
48,8,Low,q_init_05,476.8474316165261,474.8209235766901,2.02650803983596
49,8,Low,q_init_05,536.6557085813652,537.108326805591,-0.4526182242258301
50,28,High,q_init_05,461.46948420161715,458.23822007151546,3.2312641301016924
51,12,Medium,q_init_05,408.95066417800786,402.9303775156694,6.020286662338435
52,11,Medium,q_init_05,505.7835673125064,503.52548352745316,2.258083785053259
53,26,High,q_init_05,508.4213204313675,509.2654517422918,-0.8441313109242969
54,22,High,q_init_05,466.44948354053804,468.1003437533251,-1.6508602127870518
55,13,Medium,q_init_05,468.24016907398203,470.8673454340184,-2.6271763600363442
56,8,Low,q_init_05,395.6738351113202,393.8421313945519,1.8317037167682884
57,9,Low,q_init_05,528.057924821279,532.0919839387972,-4.034059117518154
58,3,Low,q_init_05,540.1839392853743,540.9403534749749,-0.7564141896006049
59,21,High,q_init_05,410.0684536964898,428.6598695849863,-18.5914158884965
60,4,Low,q_init_05,546.0317413255011,546.1990222516253,-0.16728092612413548
61,17,Medium,q_init_05,494.49846264384996,492.8458806211227,1.6525820227272447
62,30,High,q_init_05,285.6730430954457,472.6870664889254,-187.0140233934797
63,23,High,q_init_05,517.6166351202978,518.6842224509003,-1.0675873306024641
64,13,Medium,q_init_05,527.4555236565693,528.8600265201441,-1.4045028635747485
65,6,Low,q_init_05,559.569201578173,548.0148041528379,11.554397425335083
66,13,Medium,q_init_05,522.2654660932385,523.6382731099999,-1.372807016761385
67,15,Medium,q_init_05,517.483988678761,516.254335609681,1.2296530690799727
68,28,High,q_init_05,364.6318809511943,365.1699144911682,-0.5380335399738669
69,37,High,q_init_05,435.1059833362058,437.92523929365575,-2.8192559574499683
70,4,Low,q_init_05,401.4913751114793,396.8771487930057,4.614226318473584
71,7,Low,q_init_05,409.912864877297,413.34326598175494,-3.4304011044579283
72,7,Low,q_init_05,379.8383722813763,379.26460454082036,0.5737677405559225
73,26,High,q_init_05,500.9499726072388,498.8023236273901,2.147648979848725
74,17,Medium,q_init_05,406.9189964216758,392.17043646141326,14.748559960262526
75,8,Low,q_init_05,513.7062844380777,510.59414830216326,3.1121361359143975
76,24,High,q_init_05,436.7082876254407,436.2338418273979,0.47444579804277964
77,38,High,q_init_05,493.30074301103156,530.6985705767712,-37.39782756573965
78,5,Low,q_init_05,345.0213345319104,348.6713130884835,-3.649978556573103
79,34,High,q_init_05,507.7261909526709,507.13642923863466,0.5897617140362286
80,9,Low,q_init_05,508.4223589157186,512.8847526788093,-4.462393763090688
81,8,Low,q_init_05,493.223256503132,491.70074862170657,1.5225078814254402
82,6,Low,q_init_05,504.98197162970706,508.804298237368,-3.822326607660955
83,22,High,q_init_05,534.034163289051,533.0446773788321,0.989485910218832
84,23,High,q_init_05,386.6526469134294,383.55832587402887,3.0943210394005405
85,15,Medium,q_init_05,396.4536417313451,389.77157363896,6.682068092385123
86,10,Medium,q_init_05,500.18593405176125,499.93044360695154,0.25549044480970906
87,9,Low,q_init_05,426.0077165988269,423.00048116214566,3.007235436681242
88,22,High,q_init_05,478.82908514640036,504.03432087088123,-25.205235724480872
89,10,Medium,q_init_05,540.5410889055739,540.7251238819879,-0.1840349764139546
90,2,Low,q_init_05,502.34177812237334,506.7055383885608,-4.363760266187455
91,14,Medium,q_init_05,500.2419945995371,525.116748629721,-24.87475403018385
92,28,High,q_init_05,497.6705608094208,509.3497583037261,-11.6791974943053
93,10,Medium,q_init_05,518.9135031813294,518.1192696789126,0.7942335024167733
94,13,Medium,q_init_05,534.2535524739801,540.0641239941265,-5.810571520146368
95,7,Low,q_init_05,503.13721107717873,502.1180693476849,1.0191417294938105
96,11,Medium,q_init_05,382.8321662489237,436.1250235006903,-53.29285725176658
97,4,Low,q_init_05,556.7966128567331,556.7966128567331,0.0
98,13,Medium,q_init_05,431.8268568719677,426.1115298982227,5.715326973744993
99,31,High,q_init_05,527.7575090938724,527.5041992155294,0.253309878342975
100,8,Low,q_init_05,496.53583496340434,496.0395416417553,0.49629332164903417
101,20,High,q_init_05,527.9357863065195,534.0167599327089,-6.080973626189348
102,7,Low,q_init_05,343.2752525303871,350.02648480854856,-6.751232278161467
103,38,High,q_init_05,371.9885043946891,380.1787495434128,-8.190245148723704
104,10,Medium,q_init_05,457.30370016671156,459.10069745281965,-1.7969972861080805
105,8,Low,q_init_05,551.463533928406,553.0340609070514,-1.5705269786453755
106,19,High,q_init_05,452.8290214560761,491.2222771036172,-38.39325564754114
107,10,Medium,q_init_05,503.3873377620501,524.650183197242,-21.262845435191878
108,17,Medium,q_init_05,554.9147142936354,559.569201578173,-4.654487284537595
109,52,High,q_init_05,549.6447731076936,556.0356520254244,-6.390878917730788
110,12,Medium,q_init_05,543.3894681185491,543.6439565788,-0.2544884602509683
111,36,High,q_init_05,491.98487080506465,493.9575665832214,-1.9726957781567762
112,13,Medium,q_init_05,500.7569806361493,497.7923797882148,2.9646008479344914
113,32,High,q_init_05,452.09287035867095,443.01355123099415,9.079319127676797
114,9,Low,q_init_05,490.4092301902283,494.0829813175475,-3.6737511273191785
115,13,Medium,q_init_05,499.42083605153806,497.3385210955059,2.082314956032178
116,23,High,q_init_05,477.18558962751905,477.1433675511622,0.04222207635683617
117,34,High,q_init_05,498.38851986371293,497.5325669767913,0.8559528869216138
118,9,Low,q_init_05,524.2427457722627,522.2962269616331,1.9465188106295273
119,21,High,q_init_05,468.9321557087625,487.59686691504226,-18.664711206279776
120,5,Low,q_init_05,506.9060789149547,505.51523613172867,1.3908427832260486
121,15,Medium,q_init_05,491.3290720096266,488.8896844456434,2.439387563983189
122,18,Medium,q_init_05,463.53665749481627,461.5782473501186,1.958410144697666
123,3,Low,q_init_05,474.6212245583926,475.6288008698922,-1.0075763114995766
124,30,High,q_init_05,465.7368275514324,466.7516495021659,-1.0148219507335057
125,42,High,q_init_05,561.3756554059855,562.5837230931522,-1.2080676871667038
126,14,Medium,q_init_05,424.8741891894545,421.91892440238536,2.9552647870691544
127,21,High,q_init_05,513.0851062033057,511.71216403006906,1.3729421732366518
128,9,Low,q_init_05,426.52582118339177,461.1310993567818,-34.60527817339005
129,7,Low,q_init_05,477.50374136447385,492.71892547548975,-15.215184111015901
130,4,Low,q_init_05,398.7184713838577,413.9401315064293,-15.221660122571564
131,11,Medium,q_init_05,538.9614591818611,541.4909178886251,-2.5294587067639895
132,3,Low,q_init_05,483.5022236515379,511.6963266985807,-28.194103047042802
133,4,Low,q_init_05,546.4149066613379,565.1143790210527,-18.699472359714832
134,6,Low,q_init_05,515.99227931272,520.2234330986527,-4.231153785932634
135,13,Medium,q_init_05,488.27091333104516,489.2337484960547,-0.962835165009551
136,16,Medium,q_init_05,433.905235859925,431.57932255388715,2.325913306037876
137,27,High,q_init_05,503.2465856988118,502.6127387680437,0.6338469307681294
138,21,High,q_init_05,402.27364757709773,396.7813103709745,5.4923372061232385
139,8,Low,q_init_05,500.3511573769593,496.31353619892707,4.037621178032225
140,17,Medium,q_init_05,407.0475437552921,406.8388749974951,0.20866875779699967
141,7,Low,q_init_05,436.08564273204877,434.8904499903218,1.1951927417269417
142,14,Medium,q_init_05,318.571242054234,413.4725272126513,-94.9012851584173
143,4,Low,q_init_05,464.7170382745055,449.6353764876331,15.081661786872417
144,18,Medium,q_init_05,491.5567544682888,490.00685741042435,1.5498970578644276
145,18,Medium,q_init_05,410.23236678667496,419.76149710626186,-9.529130319586898
146,22,High,q_init_05,511.30229438444593,510.7428584100193,0.5594359744266058
147,18,Medium,q_init_05,515.6387635913798,515.4886069459806,0.1501566453991927
148,19,High,q_init_05,449.97301600022814,449.65405722287835,0.31895877734979194
149,21,High,q_init_05,455.65029099558234,445.2607515746038,10.389539420978565
0,23,High,asymmetric_learning_rates,394.69002401574505,404.3217648730939,-9.63174085734886
1,11,Medium,asymmetric_learning_rates,507.3437557895143,517.9403905224784,-10.596634732964105
2,30,High,asymmetric_learning_rates,500.0378235007715,507.7231882323847,-7.68536473161322
3,37,High,asymmetric_learning_rates,427.50000747457807,432.5137063190966,-5.013698844518558
4,22,High,asymmetric_learning_rates,526.705444335216,530.843378337,-4.137934001783947
5,8,Low,asymmetric_learning_rates,556.177972218536,566.774606951623,-10.596634733087058
6,54,High,asymmetric_learning_rates,342.8820638416101,351.6077468269371,-8.725682985327012
7,34,High,asymmetric_learning_rates,547.3614425838853,557.8829204960521,-10.521477912166802
8,45,High,asymmetric_learning_rates,518.7714238766288,526.8436521512649,-8.072228274636132
9,22,High,asymmetric_learning_rates,498.51071641499254,508.89464715592476,-10.383930740932215
10,12,Medium,asymmetric_learning_rates,510.56038996354596,520.2296450369968,-9.669255073450813
11,9,Low,asymmetric_learning_rates,556.6585435658869,569.5689816806678,-12.910438114780845
12,34,High,asymmetric_learning_rates,476.3330117454608,485.5394049029935,-9.206393157532716
13,12,Medium,asymmetric_learning_rates,476.39079701300983,462.06484303540753,14.325953977602296
14,26,High,asymmetric_learning_rates,505.42524685955283,514.5986080303671,-9.173361170814303
15,16,Medium,asymmetric_learning_rates,532.3343622192136,542.9309969523085,-10.596634733094902
16,7,Low,asymmetric_learning_rates,464.4142109610313,442.7281707706163,21.686040190414985
17,31,High,asymmetric_learning_rates,547.5253027297616,557.5452499905191,-10.019947260757476
18,18,Medium,asymmetric_learning_rates,504.5464868290375,512.5910007583874,-8.044513929349876
19,12,Medium,asymmetric_learning_rates,521.7773432681328,530.9471508518103,-9.169807583677539
20,8,Low,asymmetric_learning_rates,549.0220715887646,559.4795923166723,-10.457520727907763
21,43,High,asymmetric_learning_rates,522.3604810475721,512.1614265202118,10.199054527360317
22,28,High,asymmetric_learning_rates,537.1838300842356,542.8011136161476,-5.617283531911994
23,18,Medium,asymmetric_learning_rates,507.8378047556364,517.1730426004026,-9.335237844766198
24,1,Low,asymmetric_learning_rates,468.35429360711515,477.21562605435406,-8.861332447238908
25,10,Medium,asymmetric_learning_rates,528.2706370701143,537.4019861863688,-9.131349116254569
26,16,Medium,asymmetric_learning_rates,501.2475576812067,511.8408921617257,-10.593334480519047
27,36,High,asymmetric_learning_rates,478.3221080002702,484.6319295689766,-6.309821568706411
28,37,High,asymmetric_learning_rates,460.1620755841282,464.9750247274722,-4.812949143343985
29,7,Low,asymmetric_learning_rates,443.0139609328264,451.62059509622514,-8.606634163398724
30,5,Low,asymmetric_learning_rates,520.070113553894,527.5838227053158,-7.5137091514218355
31,1,Low,asymmetric_learning_rates,497.8686875451803,507.246742810195,-9.378055265014666
32,7,Low,asymmetric_learning_rates,535.5532338392533,546.021223252123,-10.46798941286977
33,1,Low,asymmetric_learning_rates,415.85812221672376,424.8603898137541,-9.002267597030368
34,5,Low,asymmetric_learning_rates,520.4789992191611,529.5859538036211,-9.106954584460027
35,13,Medium,asymmetric_learning_rates,470.7447630198508,479.20860966161905,-8.46384664176827
36,14,Medium,asymmetric_learning_rates,523.1691057545981,531.3032789909886,-8.134173236390438
37,18,Medium,asymmetric_learning_rates,513.5837745561458,523.9784586218883,-10.394684065742467
38,15,Medium,asymmetric_learning_rates,499.3817083459795,501.0738530257238,-1.692144679744274
39,1,Low,asymmetric_learning_rates,404.9756237629317,413.8749239646321,-8.899300201700385
40,26,High,asymmetric_learning_rates,494.7485348044421,504.95666079828135,-10.208125993839246
41,18,Medium,asymmetric_learning_rates,462.43395018158526,465.4222748053823,-2.988324623797041
42,7,Low,asymmetric_learning_rates,428.26186052352506,421.7775389578618,6.484321565663265
43,18,Medium,asymmetric_learning_rates,495.3485742341742,493.7374677774462,1.6111064567279527
44,10,Medium,asymmetric_learning_rates,417.11205494004344,421.59757338229156,-4.485518442248122
45,2,Low,asymmetric_learning_rates,455.4212812669507,442.2486676739261,13.172613593024607
46,14,Medium,asymmetric_learning_rates,507.62974592490394,513.2994917997115,-5.669745874807575
47,2,Low,asymmetric_learning_rates,494.18629806878766,495.85443799248577,-1.6681399236981065
48,8,Low,asymmetric_learning_rates,476.8474316165261,473.0688322331008,3.7785993834252736
49,8,Low,asymmetric_learning_rates,536.6557085813652,545.215492251673,-8.559783670307866
50,28,High,asymmetric_learning_rates,461.46948420161715,454.82319029716285,6.646293904454296
51,12,Medium,asymmetric_learning_rates,408.95066417800786,402.90436076767907,6.04630341032879
52,11,Medium,asymmetric_learning_rates,505.7835673125064,512.161248637267,-6.3776813247606015
53,26,High,asymmetric_learning_rates,508.4213204313675,519.0179551644635,-10.596634733095982
54,22,High,asymmetric_learning_rates,466.44948354053804,471.65205382419583,-5.202570283657792
55,13,Medium,asymmetric_learning_rates,468.24016907398203,478.82878907748164,-10.588620003499614
56,8,Low,asymmetric_learning_rates,395.6738351113202,384.9804024953306,10.693432615989593
57,9,Low,asymmetric_learning_rates,528.057924821279,531.5163929384454,-3.458468117166376
58,3,Low,asymmetric_learning_rates,540.1839392853743,553.6086180026807,-13.424678717306392
59,21,High,asymmetric_learning_rates,410.0684536964898,412.3711568650995,-2.302703168609696
60,4,Low,asymmetric_learning_rates,546.0317413255011,553.851898384725,-7.820157059223902
61,17,Medium,asymmetric_learning_rates,494.49846264384996,505.09005726176815,-10.59159461791819
62,30,High,asymmetric_learning_rates,285.6730430954457,250.27116509318904,35.40187800225664
63,23,High,asymmetric_learning_rates,517.6166351202978,515.874362274744,1.7422728455537708
64,13,Medium,asymmetric_learning_rates,527.4555236565693,534.7883844099415,-7.332860753372188
65,6,Low,asymmetric_learning_rates,559.569201578173,558.171079130806,1.3981224473669727
66,13,Medium,asymmetric_learning_rates,522.2654660932385,524.2194348411422,-1.953968747903673
67,15,Medium,asymmetric_learning_rates,517.483988678761,527.6276497575991,-10.143661078838136
68,28,High,asymmetric_learning_rates,364.6318809511943,359.79311130305575,4.838769648138566
69,37,High,asymmetric_learning_rates,435.1059833362058,445.1911877720606,-10.085204435854791
70,4,Low,asymmetric_learning_rates,401.4913751114793,412.0880098445758,-10.59663473309655
71,7,Low,asymmetric_learning_rates,409.912864877297,417.4772812852469,-7.564416407949864
72,7,Low,asymmetric_learning_rates,379.8383722813763,367.66769952762064,12.170672753755639
73,26,High,asymmetric_learning_rates,500.9499726072388,509.61995808708133,-8.669985479842524
74,17,Medium,asymmetric_learning_rates,406.9189964216758,399.5698434767265,7.34915294494931
75,8,Low,asymmetric_learning_rates,513.7062844380777,523.7836956256524,-10.07741118757474
76,24,High,asymmetric_learning_rates,436.7082876254407,445.07025324154836,-8.361965616107682
77,38,High,asymmetric_learning_rates,493.30074301103156,491.48257838525547,1.8181646257760917
78,5,Low,asymmetric_learning_rates,345.0213345319104,337.80869836319226,7.21263616871812
79,34,High,asymmetric_learning_rates,507.7261909526709,517.8956329759199,-10.169442023248962
80,9,Low,asymmetric_learning_rates,508.4223589157186,514.4640594176132,-6.0417005018945815
81,8,Low,asymmetric_learning_rates,493.223256503132,479.8201713994639,13.403085103668104
82,6,Low,asymmetric_learning_rates,504.98197162970706,515.0168152108603,-10.034843581153211
83,22,High,asymmetric_learning_rates,534.034163289051,525.9628766560357,8.071286633015234
84,23,High,asymmetric_learning_rates,386.6526469134294,376.8841078595139,9.768539053915504
85,15,Medium,asymmetric_learning_rates,396.4536417313451,401.7400658030891,-5.2864240717440225
86,10,Medium,asymmetric_learning_rates,500.18593405176125,509.8135665870477,-9.627632535286466
87,9,Low,asymmetric_learning_rates,426.0077165988269,434.44380978708523,-8.436093188258326
88,22,High,asymmetric_learning_rates,478.82908514640036,489.1004442564793,-10.271359110078947
89,10,Medium,asymmetric_learning_rates,540.5410889055739,549.3279360599344,-8.78684715436043
90,2,Low,asymmetric_learning_rates,502.34177812237334,508.54181935967097,-6.200041237297626
91,14,Medium,asymmetric_learning_rates,500.2419945995371,509.7809402290305,-9.538945629493355
92,28,High,asymmetric_learning_rates,497.6705608094208,505.9974823084316,-8.32692149901078
93,10,Medium,asymmetric_learning_rates,518.9135031813294,522.049020433533,-3.1355172522036128
94,13,Medium,asymmetric_learning_rates,534.2535524739801,542.5144373272115,-8.260884853231346
95,7,Low,asymmetric_learning_rates,503.13721107717873,513.7153478900392,-10.578136812860464
96,11,Medium,asymmetric_learning_rates,382.8321662489237,388.9893998574366,-6.157233608512854
97,4,Low,asymmetric_learning_rates,556.7966128567331,567.2917212751921,-10.49510841845904
98,13,Medium,asymmetric_learning_rates,431.8268568719677,438.34085100313075,-6.513994131163031
99,31,High,asymmetric_learning_rates,527.7575090938724,537.2714746352711,-9.513965541398761
100,8,Low,asymmetric_learning_rates,496.53583496340434,499.836623668717,-3.300788705312641
101,20,High,asymmetric_learning_rates,527.9357863065195,535.9666302930762,-8.030843986556647
102,7,Low,asymmetric_learning_rates,343.2752525303871,348.22883741106887,-4.953584880681774
103,38,High,asymmetric_learning_rates,371.9885043946891,366.07731256809365,5.911191826595427
104,10,Medium,asymmetric_learning_rates,457.30370016671156,466.8683860068263,-9.564685840114748
105,8,Low,asymmetric_learning_rates,551.463533928406,559.0660950754303,-7.602561147024289
106,19,High,asymmetric_learning_rates,452.8290214560761,456.9124534303313,-4.083431974255234
107,10,Medium,asymmetric_learning_rates,503.3873377620501,512.0409511409297,-8.653613378879584
108,17,Medium,asymmetric_learning_rates,554.9147142936354,565.5068211535826,-10.592106859947194
109,52,High,asymmetric_learning_rates,549.6447731076936,557.0660005024743,-7.421227394780658
110,12,Medium,asymmetric_learning_rates,543.3894681185491,553.9861028516533,-10.596634733104224
111,36,High,asymmetric_learning_rates,491.98487080506465,495.0750199062333,-3.090149101168663
112,13,Medium,asymmetric_learning_rates,500.7569806361493,511.3237750036393,-10.56679436748999
113,32,High,asymmetric_learning_rates,452.09287035867095,461.54482491225536,-9.451954553584414
114,9,Low,asymmetric_learning_rates,490.4092301902283,493.005754870696,-2.5965246804677236
115,13,Medium,asymmetric_learning_rates,499.42083605153806,497.333901491667,2.086934559871054
116,23,High,asymmetric_learning_rates,477.18558962751905,482.2298681347181,-5.044278507199067
117,34,High,asymmetric_learning_rates,498.38851986371293,505.01253731109176,-6.624017447378833
118,9,Low,asymmetric_learning_rates,524.2427457722627,533.000219751341,-8.757473979078327
119,21,High,asymmetric_learning_rates,468.9321557087625,476.295117287007,-7.362961578244494
120,5,Low,asymmetric_learning_rates,506.9060789149547,517.1272652914457,-10.221186376491005
121,15,Medium,asymmetric_learning_rates,491.3290720096266,500.27180591646055,-8.94273390683395
122,18,Medium,asymmetric_learning_rates,463.53665749481627,473.39240292518184,-9.855745430365573
123,3,Low,asymmetric_learning_rates,474.6212245583926,484.45344681753926,-9.832222259146647
124,30,High,asymmetric_learning_rates,465.7368275514324,460.09057785668205,5.646249694750338
125,42,High,asymmetric_learning_rates,561.3756554059855,573.330778263349,-11.955122857363449
126,14,Medium,asymmetric_learning_rates,424.8741891894545,417.9841089807525,6.890080208701988
127,21,High,asymmetric_learning_rates,513.0851062033057,523.6720916728428,-10.586985469537126
128,9,Low,asymmetric_learning_rates,426.52582118339177,435.91552521282125,-9.389704029429481
129,7,Low,asymmetric_learning_rates,477.50374136447385,476.22029380979336,1.2834475546804924
130,4,Low,asymmetric_learning_rates,398.7184713838577,405.8036359003934,-7.085164516535656
131,11,Medium,asymmetric_learning_rates,538.9614591818611,548.170227108638,-9.208767926776886
132,3,Low,asymmetric_learning_rates,483.5022236515379,492.8818490665727,-9.379625415034809
133,4,Low,asymmetric_learning_rates,546.4149066613379,555.8290429513693,-9.414136290031365
134,6,Low,asymmetric_learning_rates,515.99227931272,526.5889140458158,-10.596634733095811
135,13,Medium,asymmetric_learning_rates,488.27091333104516,495.08856127441425,-6.8176479433690815
136,16,Medium,asymmetric_learning_rates,433.905235859925,438.9015815114702,-4.996345651545198
137,27,High,asymmetric_learning_rates,503.2465856988118,512.6640825619165,-9.417496863104702
138,21,High,asymmetric_learning_rates,402.27364757709773,382.86918954788564,19.404458029212094
139,8,Low,asymmetric_learning_rates,500.3511573769593,503.9809827355248,-3.6298253585654834
140,17,Medium,asymmetric_learning_rates,407.0475437552921,390.07380036285144,16.973743392440667
141,7,Low,asymmetric_learning_rates,436.08564273204877,446.6822774651446,-10.596634733095811
142,14,Medium,asymmetric_learning_rates,318.571242054234,328.954809773208,-10.383567718974007
143,4,Low,asymmetric_learning_rates,464.7170382745055,463.34155338506497,1.3754848894405427
144,18,Medium,asymmetric_learning_rates,491.5567544682888,500.7403452249018,-9.183590756613
145,18,Medium,asymmetric_learning_rates,410.23236678667496,419.5889164287733,-9.356549642098344
146,22,High,asymmetric_learning_rates,511.30229438444593,521.6626677163952,-10.360373331949233
147,18,Medium,asymmetric_learning_rates,515.6387635913798,525.7967747161931,-10.158011124813356
148,19,High,asymmetric_learning_rates,449.97301600022814,436.1119539399827,13.861062060245445
149,21,High,asymmetric_learning_rates,455.65029099558234,458.02713152061943,-2.376840525037096
0,23,High,separate_learning_rates,394.69002401574505,405.2866587488673,-10.596634733122244
1,11,Medium,separate_learning_rates,507.3437557895143,517.9403905224815,-10.596634732967175
2,30,High,separate_learning_rates,500.0378235007715,510.6344582338658,-10.596634733094334
3,37,High,separate_learning_rates,427.50000747457807,438.0966422076719,-10.596634733093822
4,22,High,separate_learning_rates,526.705444335216,537.3020790683313,-10.596634733115252
5,8,Low,separate_learning_rates,556.177972218536,570.5048723595835,-14.326900141047531
6,54,High,separate_learning_rates,342.8820638416101,353.47869857480583,-10.596634733195742
7,34,High,separate_learning_rates,547.3614425838853,557.9580772875427,-10.5966347036574
8,45,High,separate_learning_rates,518.7714238766288,529.3680586097371,-10.596634733108317
9,22,High,separate_learning_rates,498.51071641499254,509.1073511480777,-10.596634733085182
10,12,Medium,separate_learning_rates,510.56038996354596,521.1570246966025,-10.59663473305659
11,9,Low,separate_learning_rates,556.6585435658869,575.7110137541489,-19.052470188261964
12,34,High,separate_learning_rates,476.3330117454608,486.92964647855774,-10.596634733096948
13,12,Medium,separate_learning_rates,476.39079701300983,486.9874317461063,-10.596634733096494
14,26,High,separate_learning_rates,505.42524685955283,516.0218815924137,-10.596634732860878
15,16,Medium,separate_learning_rates,532.3343622192136,542.9309969523096,-10.596634733095925
16,7,Low,separate_learning_rates,464.4142109610313,475.01084569410926,-10.596634733077963
17,31,High,separate_learning_rates,547.5253027297616,558.121937462887,-10.59663473312537
18,18,Medium,separate_learning_rates,504.5464868290375,515.1431215621378,-10.596634733100302
19,12,Medium,separate_learning_rates,521.7773432681328,532.3739780012309,-10.596634733098085
20,8,Low,separate_learning_rates,549.0220715887646,567.3932475898292,-18.37117600106467
21,43,High,separate_learning_rates,522.3604810475721,532.9571157775384,-10.596634729966354
22,28,High,separate_learning_rates,537.1838300842356,547.7804648169734,-10.596634732737812
23,18,Medium,separate_learning_rates,507.8378047556364,518.4344394887383,-10.59663473310195
24,1,Low,separate_learning_rates,468.35429360711515,478.95092834020704,-10.59663473309189
25,10,Medium,separate_learning_rates,528.2706370701143,538.8672718031693,-10.596634733054998
26,16,Medium,separate_learning_rates,501.2475576812067,511.8441924142501,-10.596634733043402
27,36,High,separate_learning_rates,478.3221080002702,488.9187427333731,-10.596634733102917
28,37,High,separate_learning_rates,460.1620755841282,470.75871031723864,-10.59663473311042
29,7,Low,separate_learning_rates,443.0139609328264,453.61059566584953,-10.596634733023109
30,5,Low,separate_learning_rates,520.070113553894,530.6667482865234,-10.596634732629468
31,1,Low,separate_learning_rates,497.8686875451803,508.4653222782751,-10.596634733094788
32,7,Low,separate_learning_rates,535.5532338392533,546.1498685723578,-10.596634733104565
33,1,Low,separate_learning_rates,415.85812221672376,426.45475694981855,-10.596634733094788
34,5,Low,separate_learning_rates,520.4789992191611,531.0756339462171,-10.59663472705597
35,13,Medium,separate_learning_rates,470.7447630198508,481.341397752948,-10.596634733097233
36,14,Medium,separate_learning_rates,523.1691057545981,533.7657404877043,-10.596634733106157
37,18,Medium,separate_learning_rates,513.5837745561458,524.1804092892429,-10.596634733097062
38,15,Medium,separate_learning_rates,499.3817083459795,509.9783430790676,-10.59663473308808
39,1,Low,separate_learning_rates,404.9756237629317,415.57225849604276,-10.596634733111046
40,26,High,separate_learning_rates,494.7485348044421,505.34518150594084,-10.596646701498742
41,18,Medium,separate_learning_rates,462.43395018158526,473.0305849146813,-10.596634733096039
42,7,Low,separate_learning_rates,428.26186052352506,438.8584952566212,-10.596634733096153
43,18,Medium,separate_learning_rates,495.3485742341742,505.9452089672618,-10.596634733087626
44,10,Medium,separate_learning_rates,417.11205494004344,427.7086896731352,-10.596634733091776
45,2,Low,separate_learning_rates,455.4212812669507,466.0179160000576,-10.596634733106896
46,14,Medium,separate_learning_rates,507.62974592490394,518.2263806580414,-10.596634733137478
47,2,Low,separate_learning_rates,494.18629806878766,504.7829328018796,-10.596634733091946
48,8,Low,separate_learning_rates,476.8474316165261,487.44406634963394,-10.596634733107862
49,8,Low,separate_learning_rates,536.6557085813652,547.2523433144568,-10.596634733091605
50,28,High,separate_learning_rates,461.46948420161715,472.06611893472456,-10.596634733107408
51,12,Medium,separate_learning_rates,408.95066417800786,419.54729891108576,-10.596634733077906
52,11,Medium,separate_learning_rates,505.7835673125064,516.3802020455995,-10.596634733093083
53,26,High,separate_learning_rates,508.4213204313675,519.017955164483,-10.596634733115536
54,22,High,separate_learning_rates,466.44948354053804,477.04611827363664,-10.596634733098597
55,13,Medium,separate_learning_rates,468.24016907398203,478.8368038070757,-10.596634733093651
56,8,Low,separate_learning_rates,395.6738351113202,406.27046984441694,-10.596634733096721
57,9,Low,separate_learning_rates,528.057924821279,538.6545595543229,-10.596634733043857
58,3,Low,separate_learning_rates,540.1839392853743,550.7805740189705,-10.596634733596147
59,21,High,separate_learning_rates,410.0684536964898,420.6650884295705,-10.596634733080691
60,4,Low,separate_learning_rates,546.0317413255011,556.6283760585812,-10.596634733080123
61,17,Medium,separate_learning_rates,494.49846264384996,505.09509737702166,-10.596634733171697
62,30,High,separate_learning_rates,285.6730430954457,296.26967782854155,-10.596634733095868
63,23,High,separate_learning_rates,517.6166351202978,528.2132698533974,-10.596634733099563
64,13,Medium,separate_learning_rates,527.4555236565693,538.0521583896897,-10.596634733120368
65,6,Low,separate_learning_rates,559.569201578173,558.5535240441071,1.0156775340658442
66,13,Medium,separate_learning_rates,522.2654660932385,532.8621008263391,-10.596634733100586
67,15,Medium,separate_learning_rates,517.483988678761,528.0806234118661,-10.596634733105134
68,28,High,separate_learning_rates,364.6318809511943,375.22851568427507,-10.596634733080748
69,37,High,separate_learning_rates,435.1059833362058,445.70261806930876,-10.596634733102974
70,4,Low,separate_learning_rates,401.4913751114793,412.08800984457605,-10.596634733096778
71,7,Low,separate_learning_rates,409.912864877297,420.50949961036804,-10.596634733071028
72,7,Low,separate_learning_rates,379.8383722813763,390.43500701448096,-10.596634733104679
73,26,High,separate_learning_rates,500.9499726072388,511.5466073403242,-10.59663473308541
74,17,Medium,separate_learning_rates,406.9189964216758,417.51563115477717,-10.596634733101382
75,8,Low,separate_learning_rates,513.7062844380777,524.3029191711782,-10.596634733100586
76,24,High,separate_learning_rates,436.7082876254407,447.30492235853785,-10.596634733097176
77,38,High,separate_learning_rates,493.30074301103156,503.89737774414,-10.59663473310843
78,5,Low,separate_learning_rates,345.0213345319104,355.61796926500796,-10.596634733097574
79,34,High,separate_learning_rates,507.7261909526709,518.3228256857669,-10.596634733096039
80,9,Low,separate_learning_rates,508.4223589157186,519.0189936491507,-10.596634733432154
81,8,Low,separate_learning_rates,493.223256503132,503.81989123621224,-10.596634733080236
82,6,Low,separate_learning_rates,504.98197162970706,515.5786063628038,-10.596634733096778
83,22,High,separate_learning_rates,534.034163289051,544.63079802208,-10.596634733028964
84,23,High,separate_learning_rates,386.6526469134294,397.2492816465261,-10.596634733096664
85,15,Medium,separate_learning_rates,396.4536417313451,407.05027646443585,-10.596634733090752
86,10,Medium,separate_learning_rates,500.18593405176125,510.78256878486957,-10.596634733108317
87,9,Low,separate_learning_rates,426.0077165988269,436.60435133192254,-10.596634733095641
88,22,High,separate_learning_rates,478.82908514640036,489.43699713242944,-10.60791198602908
89,10,Medium,separate_learning_rates,540.5410889055739,551.1377236386435,-10.59663473306955
90,2,Low,separate_learning_rates,502.34177812237334,512.9384128554697,-10.596634733096323
91,14,Medium,separate_learning_rates,500.2419945995371,510.83862933263237,-10.596634733095243
92,28,High,separate_learning_rates,497.6705608094208,508.26719554250997,-10.59663473308916
93,10,Medium,separate_learning_rates,518.9135031813294,529.5101379144176,-10.596634733088194
94,13,Medium,separate_learning_rates,534.2535524739801,544.850187207334,-10.59663473335388
95,7,Low,separate_learning_rates,503.13721107717873,513.7338458102803,-10.596634733101553
96,11,Medium,separate_learning_rates,382.8321662489237,393.42880098201965,-10.596634733095925
97,4,Low,separate_learning_rates,556.7966128567331,567.3932475898292,-10.596634733096153
98,13,Medium,separate_learning_rates,431.8268568719677,442.4234916050593,-10.596634733091605
99,31,High,separate_learning_rates,527.7575090938724,538.3541438270425,-10.596634733170163
100,8,Low,separate_learning_rates,496.53583496340434,507.13246969653335,-10.596634733129008
101,20,High,separate_learning_rates,527.9357863065195,548.7136399557637,-20.777853649244207
102,7,Low,separate_learning_rates,343.2752525303871,353.87188726347944,-10.596634733092344
103,38,High,separate_learning_rates,371.9885043946891,382.58513912778693,-10.596634733097858
104,10,Medium,separate_learning_rates,457.30370016671156,467.9003348998367,-10.596634733125143
105,8,Low,separate_learning_rates,551.463533928406,566.0069532291093,-14.543419300703249
106,19,High,separate_learning_rates,452.8290214560761,463.42565618927335,-10.596634733197277
107,10,Medium,separate_learning_rates,503.3873377620501,513.9839724951637,-10.596634733113603
108,17,Medium,separate_learning_rates,554.9147142936354,570.1658363112691,-15.251122017633747
109,52,High,separate_learning_rates,549.6447731076936,566.784049063514,-17.13927595582038
110,12,Medium,separate_learning_rates,543.3894681185491,553.9861028516453,-10.596634733096266
111,36,High,separate_learning_rates,491.98487080506465,502.58150553815904,-10.59663473309439
112,13,Medium,separate_learning_rates,500.7569806361493,511.3536153956361,-10.59663475948679
113,32,High,separate_learning_rates,452.09287035867095,462.6894143331755,-10.596543974504527
114,9,Low,separate_learning_rates,490.4092301902283,501.00586492332394,-10.596634733095641
115,13,Medium,separate_learning_rates,499.42083605153806,503.4939137791704,-4.073077727632324
116,23,High,separate_learning_rates,477.18558962751905,487.78222436061947,-10.596634733100416
117,34,High,separate_learning_rates,498.38851986371293,508.9851545968114,-10.596634733098483
118,9,Low,separate_learning_rates,524.2427457722627,534.83938050535,-10.596634733087399
119,21,High,separate_learning_rates,468.9321557087625,479.5287904417823,-10.596634733019812
120,5,Low,separate_learning_rates,506.9060789149547,517.5027136480536,-10.596634733098881
121,15,Medium,separate_learning_rates,491.3290720096266,501.92570674272156,-10.596634733094959
122,18,Medium,separate_learning_rates,463.53665749481627,474.13329222791157,-10.5966347330953
123,3,Low,separate_learning_rates,474.6212245583926,485.21785929149314,-10.59663473310053
124,30,High,separate_learning_rates,465.7368275514324,476.33346228453826,-10.596634733105873
125,42,High,separate_learning_rates,561.3756554059855,571.9747919509281,-10.599136544942553
126,14,Medium,separate_learning_rates,424.8741891894545,435.4708239225583,-10.59663473310377
127,21,High,separate_learning_rates,513.0851062033057,523.6817409363983,-10.596634733092628
128,9,Low,separate_learning_rates,426.52582118339177,437.12245591649594,-10.596634733104167
129,7,Low,separate_learning_rates,477.50374136447385,488.10037609757626,-10.596634733102405
130,4,Low,separate_learning_rates,398.7184713838577,409.3151061169545,-10.596634733096778
131,11,Medium,separate_learning_rates,538.9614591818611,549.5580939149164,-10.596634733055339
132,3,Low,separate_learning_rates,483.5022236515379,494.0988583846338,-10.596634733095868
133,4,Low,separate_learning_rates,546.4149066613379,557.0115527889458,-10.596646127607869
134,6,Low,separate_learning_rates,515.99227931272,526.588914045817,-10.596634733096948
135,13,Medium,separate_learning_rates,488.27091333104516,498.86754806413694,-10.596634733091776
136,16,Medium,separate_learning_rates,433.905235859925,444.50187059302436,-10.596634733099336
137,27,High,separate_learning_rates,503.2465856988118,509.0820323713127,-5.835446672500893
138,21,High,separate_learning_rates,402.27364757709773,412.87028232637874,-10.596634749281009
139,8,Low,separate_learning_rates,500.3511573769593,510.9477921100491,-10.596634733089786
140,17,Medium,separate_learning_rates,407.0475437552921,417.6441784883876,-10.59663473309547
141,7,Low,separate_learning_rates,436.08564273204877,446.6822774651627,-10.596634733113945
142,14,Medium,separate_learning_rates,318.571242054234,329.1678767873301,-10.596634733096096
143,4,Low,separate_learning_rates,464.7170382745055,475.31367300763804,-10.596634733132532
144,18,Medium,separate_learning_rates,491.5567544682888,502.15338920138043,-10.596634733091662
145,18,Medium,separate_learning_rates,410.23236678667496,420.82900151976787,-10.596634733092912
146,22,High,separate_learning_rates,511.30229438444593,521.8989291175168,-10.596634733070857
147,18,Medium,separate_learning_rates,515.6387635913798,526.2353983244822,-10.596634733102405
148,19,High,separate_learning_rates,449.97301600022814,460.56965073331634,-10.596634733088194
149,21,High,separate_learning_rates,455.65029099558234,466.2469257286812,-10.596634733098881
0,23,High,reward_dependent_stickiness_stage1,394.69002401574505,320.91835112415333,73.77167289159172
1,11,Medium,reward_dependent_stickiness_stage1,507.3437557895143,416.2322643758515,91.1114914136628
2,30,High,reward_dependent_stickiness_stage1,500.0378235007715,421.6505873426514,78.38723615812006
3,37,High,reward_dependent_stickiness_stage1,427.50000747457807,183.9506522527734,243.54935522180466
4,22,High,reward_dependent_stickiness_stage1,526.705444335216,447.3428717264563,79.36257260875976
5,8,Low,reward_dependent_stickiness_stage1,556.177972218536,523.8414199480094,32.33655227052657
6,54,High,reward_dependent_stickiness_stage1,342.8820638416101,245.2502052429823,97.63185859862779
7,34,High,reward_dependent_stickiness_stage1,547.3614425838853,529.623627582357,17.737815001528247
8,45,High,reward_dependent_stickiness_stage1,518.7714238766288,493.65872359476725,25.11270028186152
9,22,High,reward_dependent_stickiness_stage1,498.51071641499254,450.08665935842566,48.42405705656688
10,12,Medium,reward_dependent_stickiness_stage1,510.56038996354596,447.4768763975269,63.083513566019064
11,9,Low,reward_dependent_stickiness_stage1,556.6585435658869,351.4370516692101,205.2214918966768
12,34,High,reward_dependent_stickiness_stage1,476.3330117454608,383.16732301019624,93.16568873526455
13,12,Medium,reward_dependent_stickiness_stage1,476.39079701300983,397.8780305613685,78.51276645164131
14,26,High,reward_dependent_stickiness_stage1,505.42524685955283,327.6250468275401,177.80020003201275
15,16,Medium,reward_dependent_stickiness_stage1,532.3343622192136,450.635613891456,81.69874832775764
16,7,Low,reward_dependent_stickiness_stage1,464.4142109610313,346.47496276454655,117.93924819648475
17,31,High,reward_dependent_stickiness_stage1,547.5253027297616,557.3634187484889,-9.838116018727305
18,18,Medium,reward_dependent_stickiness_stage1,504.5464868290375,422.53728019363143,82.00920663540609
19,12,Medium,reward_dependent_stickiness_stage1,521.7773432681328,376.8756660606988,144.90167720743398
20,8,Low,reward_dependent_stickiness_stage1,549.0220715887646,553.3563866097273,-4.3343150209627765
21,43,High,reward_dependent_stickiness_stage1,522.3604810475721,486.36821398465264,35.99226706291944
22,28,High,reward_dependent_stickiness_stage1,537.1838300842356,488.74057844856645,48.443251635669185
23,18,Medium,reward_dependent_stickiness_stage1,507.8378047556364,499.002523989629,8.835280766007372
24,1,Low,reward_dependent_stickiness_stage1,468.35429360711515,403.4798593370983,64.87443427001688
25,10,Medium,reward_dependent_stickiness_stage1,528.2706370701143,526.7643131327396,1.5063239373746455
26,16,Medium,reward_dependent_stickiness_stage1,501.2475576812067,344.6854506445486,156.56210703665806
27,36,High,reward_dependent_stickiness_stage1,478.3221080002702,425.6415512619249,52.680556738345274
28,37,High,reward_dependent_stickiness_stage1,460.1620755841282,258.1634348973842,201.998640686744
29,7,Low,reward_dependent_stickiness_stage1,443.0139609328264,292.6474207481962,150.3665401846302
30,5,Low,reward_dependent_stickiness_stage1,520.070113553894,488.66631988595105,31.40379366794292
31,1,Low,reward_dependent_stickiness_stage1,497.8686875451803,352.7242926296967,145.1443949154836
32,7,Low,reward_dependent_stickiness_stage1,535.5532338392533,370.93502831293705,164.61820552631622
33,1,Low,reward_dependent_stickiness_stage1,415.85812221672376,309.65600051063683,106.20212170608693
34,5,Low,reward_dependent_stickiness_stage1,520.4789992191611,348.2030051058714,172.2759941132897
35,13,Medium,reward_dependent_stickiness_stage1,470.7447630198508,416.899102435278,53.845660584572784
36,14,Medium,reward_dependent_stickiness_stage1,523.1691057545981,424.1393281162745,99.02977763832365
37,18,Medium,reward_dependent_stickiness_stage1,513.5837745561458,484.28606738315494,29.297707172990897
38,15,Medium,reward_dependent_stickiness_stage1,499.3817083459795,378.73408535957327,120.64762298640625
39,1,Low,reward_dependent_stickiness_stage1,404.9756237629317,281.5930467126407,123.38257705029099
40,26,High,reward_dependent_stickiness_stage1,494.7485348044421,393.34448725821807,101.40404754622404
41,18,Medium,reward_dependent_stickiness_stage1,462.43395018158526,253.61293388839513,208.82101629319013
42,7,Low,reward_dependent_stickiness_stage1,428.26186052352506,349.85675201962954,78.40510850389552
43,18,Medium,reward_dependent_stickiness_stage1,495.3485742341742,334.32177412123616,161.02680011293802
44,10,Medium,reward_dependent_stickiness_stage1,417.11205494004344,344.2427910896238,72.86926385041966
45,2,Low,reward_dependent_stickiness_stage1,455.4212812669507,296.85388362689264,158.56739764005806
46,14,Medium,reward_dependent_stickiness_stage1,507.62974592490394,468.5113240819375,39.11842184296643
47,2,Low,reward_dependent_stickiness_stage1,494.18629806878766,363.6118028027932,130.57449526599447
48,8,Low,reward_dependent_stickiness_stage1,476.8474316165261,394.27773647495474,82.56969514157134
49,8,Low,reward_dependent_stickiness_stage1,536.6557085813652,509.2350859091962,27.420622672168975
50,28,High,reward_dependent_stickiness_stage1,461.46948420161715,354.6823520098462,106.78713219177092
51,12,Medium,reward_dependent_stickiness_stage1,408.95066417800786,379.8572743814781,29.093389796529777
52,11,Medium,reward_dependent_stickiness_stage1,505.7835673125064,459.14450876651284,46.63905854599358
53,26,High,reward_dependent_stickiness_stage1,508.4213204313675,497.22216681484986,11.199153616517663
54,22,High,reward_dependent_stickiness_stage1,466.44948354053804,356.75565403905875,109.69382950147929
55,13,Medium,reward_dependent_stickiness_stage1,468.24016907398203,291.69067343084856,176.54949564313347
56,8,Low,reward_dependent_stickiness_stage1,395.6738351113202,312.8887624721421,82.78507263917811
57,9,Low,reward_dependent_stickiness_stage1,528.057924821279,443.4809274241164,84.57699739716264
58,3,Low,reward_dependent_stickiness_stage1,540.1839392853743,533.16105058451,7.022888700864314
59,21,High,reward_dependent_stickiness_stage1,410.0684536964898,302.35191967590544,107.71653402058439
60,4,Low,reward_dependent_stickiness_stage1,546.0317413255011,539.982823796414,6.048917529087134
61,17,Medium,reward_dependent_stickiness_stage1,494.49846264384996,446.78847143163665,47.70999121221331
62,30,High,reward_dependent_stickiness_stage1,285.6730430954457,171.8404323867876,113.83261070865808
63,23,High,reward_dependent_stickiness_stage1,517.6166351202978,455.7054460532857,61.91118906701212
64,13,Medium,reward_dependent_stickiness_stage1,527.4555236565693,281.3750462161407,246.08047744042864
65,6,Low,reward_dependent_stickiness_stage1,559.569201578173,489.41026578505586,70.15893579311711
66,13,Medium,reward_dependent_stickiness_stage1,522.2654660932385,368.42002673503004,153.84543935820847
67,15,Medium,reward_dependent_stickiness_stage1,517.483988678761,388.2292480545145,129.25474062424644
68,28,High,reward_dependent_stickiness_stage1,364.6318809511943,237.53264845082828,127.09923250036604
69,37,High,reward_dependent_stickiness_stage1,435.1059833362058,272.36998119209625,162.73600214410953
70,4,Low,reward_dependent_stickiness_stage1,401.4913751114793,332.6350087577715,68.85636635370776
71,7,Low,reward_dependent_stickiness_stage1,409.912864877297,278.9778303241238,130.93503455317324
72,7,Low,reward_dependent_stickiness_stage1,379.8383722813763,324.48483803040216,55.35353425097412
73,26,High,reward_dependent_stickiness_stage1,500.9499726072388,473.32287509085444,27.627097516384367
74,17,Medium,reward_dependent_stickiness_stage1,406.9189964216758,319.4056672072648,87.51332921441099
75,8,Low,reward_dependent_stickiness_stage1,513.7062844380777,485.6161794359075,28.090105002170162
76,24,High,reward_dependent_stickiness_stage1,436.7082876254407,355.2948978152857,81.41338981015497
77,38,High,reward_dependent_stickiness_stage1,493.30074301103156,411.2662210773837,82.03452193364785
78,5,Low,reward_dependent_stickiness_stage1,345.0213345319104,290.2709219068413,54.75041262506909
79,34,High,reward_dependent_stickiness_stage1,507.7261909526709,514.3622873036203,-6.636096350949401
80,9,Low,reward_dependent_stickiness_stage1,508.4223589157186,411.1854236118758,97.23693530384276
81,8,Low,reward_dependent_stickiness_stage1,493.223256503132,382.9359769035658,110.2872795995662
82,6,Low,reward_dependent_stickiness_stage1,504.98197162970706,451.0907516508384,53.89121997886866
83,22,High,reward_dependent_stickiness_stage1,534.034163289051,443.1244290691675,90.90973421988349
84,23,High,reward_dependent_stickiness_stage1,386.6526469134294,308.9307501726876,77.72189674074178
85,15,Medium,reward_dependent_stickiness_stage1,396.4536417313451,373.2551531276931,23.19848860365198
86,10,Medium,reward_dependent_stickiness_stage1,500.18593405176125,361.45595536220935,138.7299786895519
87,9,Low,reward_dependent_stickiness_stage1,426.0077165988269,381.00929459088724,44.998422007939666
88,22,High,reward_dependent_stickiness_stage1,478.82908514640036,366.38387919805876,112.4452059483416
89,10,Medium,reward_dependent_stickiness_stage1,540.5410889055739,514.4843507200435,26.056738185530435
90,2,Low,reward_dependent_stickiness_stage1,502.34177812237334,333.83618647730583,168.5055916450675
91,14,Medium,reward_dependent_stickiness_stage1,500.2419945995371,435.16707937080963,65.07491522872749
92,28,High,reward_dependent_stickiness_stage1,497.6705608094208,484.09933861397633,13.571222195444477
93,10,Medium,reward_dependent_stickiness_stage1,518.9135031813294,461.91952671881666,56.993976462512705
94,13,Medium,reward_dependent_stickiness_stage1,534.2535524739801,481.9442596219794,52.30929285200068
95,7,Low,reward_dependent_stickiness_stage1,503.13721107717873,382.71310976128467,120.42410131589406
96,11,Medium,reward_dependent_stickiness_stage1,382.8321662489237,233.3939871345875,149.43817911433624
97,4,Low,reward_dependent_stickiness_stage1,556.7966128567331,552.2106016064516,4.5860112502814445
98,13,Medium,reward_dependent_stickiness_stage1,431.8268568719677,354.0633026065641,77.76355426540363
99,31,High,reward_dependent_stickiness_stage1,527.7575090938724,436.9262662041273,90.83124288974511
100,8,Low,reward_dependent_stickiness_stage1,496.53583496340434,371.2936329031569,125.24220206024745
101,20,High,reward_dependent_stickiness_stage1,527.9357863065195,401.2012075862229,126.73457872029661
102,7,Low,reward_dependent_stickiness_stage1,343.2752525303871,254.3192911571029,88.9559613732842
103,38,High,reward_dependent_stickiness_stage1,371.9885043946891,293.91199428395447,78.0765101107346
104,10,Medium,reward_dependent_stickiness_stage1,457.30370016671156,316.08744081408963,141.21625935262193
105,8,Low,reward_dependent_stickiness_stage1,551.463533928406,555.3002760767693,-3.8367421483632143
106,19,High,reward_dependent_stickiness_stage1,452.8290214560761,336.2681888857896,116.5608325702865
107,10,Medium,reward_dependent_stickiness_stage1,503.3873377620501,424.3803662439134,79.00697151813671
108,17,Medium,reward_dependent_stickiness_stage1,554.9147142936354,558.1392302025873,-3.2245159089519575
109,52,High,reward_dependent_stickiness_stage1,549.6447731076936,436.2329295139881,113.4118435937055
110,12,Medium,reward_dependent_stickiness_stage1,543.3894681185491,466.88849066248366,76.50097745606541
111,36,High,reward_dependent_stickiness_stage1,491.98487080506465,435.4142363684814,56.57063443658325
112,13,Medium,reward_dependent_stickiness_stage1,500.7569806361493,420.43042177368227,80.32655886246704
113,32,High,reward_dependent_stickiness_stage1,452.09287035867095,266.17107929143685,185.9217910672341
114,9,Low,reward_dependent_stickiness_stage1,490.4092301902283,357.01599279061406,133.39323739961424
115,13,Medium,reward_dependent_stickiness_stage1,499.42083605153806,316.7364646317935,182.68437141974454
116,23,High,reward_dependent_stickiness_stage1,477.18558962751905,432.0451138685287,45.14047575899036
117,34,High,reward_dependent_stickiness_stage1,498.38851986371293,429.7595653504282,68.62895451328473
118,9,Low,reward_dependent_stickiness_stage1,524.2427457722627,473.9310543444564,50.31169142780624
119,21,High,reward_dependent_stickiness_stage1,468.9321557087625,328.08879210080846,140.84336360795402
120,5,Low,reward_dependent_stickiness_stage1,506.9060789149547,488.4065951339942,18.49948378096053
121,15,Medium,reward_dependent_stickiness_stage1,491.3290720096266,369.231161640984,122.0979103686426
122,18,Medium,reward_dependent_stickiness_stage1,463.53665749481627,292.5389175145195,170.99773998029679
123,3,Low,reward_dependent_stickiness_stage1,474.6212245583926,377.84535274547176,96.77587181292085
124,30,High,reward_dependent_stickiness_stage1,465.7368275514324,404.297922642035,61.438904909397365
125,42,High,reward_dependent_stickiness_stage1,561.3756554059855,567.872725286126,-6.49706988014043
126,14,Medium,reward_dependent_stickiness_stage1,424.8741891894545,232.89345712882124,191.98073206063327
127,21,High,reward_dependent_stickiness_stage1,513.0851062033057,345.3307510861911,167.75435511711459
128,9,Low,reward_dependent_stickiness_stage1,426.52582118339177,183.1546209690195,243.37120021437227
129,7,Low,reward_dependent_stickiness_stage1,477.50374136447385,411.5377634467405,65.96597791773337
130,4,Low,reward_dependent_stickiness_stage1,398.7184713838577,187.12580464244124,211.59266674141648
131,11,Medium,reward_dependent_stickiness_stage1,538.9614591818611,329.3214540503798,209.64000513148125
132,3,Low,reward_dependent_stickiness_stage1,483.5022236515379,393.96333064098366,89.53889301055426
133,4,Low,reward_dependent_stickiness_stage1,546.4149066613379,309.36998023541116,237.04492642592675
134,6,Low,reward_dependent_stickiness_stage1,515.99227931272,388.87409659658584,127.11818271613419
135,13,Medium,reward_dependent_stickiness_stage1,488.27091333104516,394.8289040733329,93.44200925771224
136,16,Medium,reward_dependent_stickiness_stage1,433.905235859925,311.82336335297686,122.08187250694817
137,27,High,reward_dependent_stickiness_stage1,503.2465856988118,501.2491491841604,1.9974365146514401
138,21,High,reward_dependent_stickiness_stage1,402.27364757709773,191.58640171871127,210.68724585838646
139,8,Low,reward_dependent_stickiness_stage1,500.3511573769593,315.7103555410327,184.6408018359266
140,17,Medium,reward_dependent_stickiness_stage1,407.0475437552921,298.3357795208837,108.7117642344084
141,7,Low,reward_dependent_stickiness_stage1,436.08564273204877,379.6339433581694,56.451699373879364
142,14,Medium,reward_dependent_stickiness_stage1,318.571242054234,228.18580891694913,90.38543313728488
143,4,Low,reward_dependent_stickiness_stage1,464.7170382745055,316.44228415669096,148.27475411781455
144,18,Medium,reward_dependent_stickiness_stage1,491.5567544682888,321.22689465072256,170.32985981756622
145,18,Medium,reward_dependent_stickiness_stage1,410.23236678667496,266.00049106077563,144.23187572589933
146,22,High,reward_dependent_stickiness_stage1,511.30229438444593,359.1936825501722,152.10861183427374
147,18,Medium,reward_dependent_stickiness_stage1,515.6387635913798,377.6390630355662,137.99970055581355
148,19,High,reward_dependent_stickiness_stage1,449.97301600022814,325.21405757825204,124.7589584219761
149,21,High,reward_dependent_stickiness_stage1,455.65029099558234,321.2407591755943,134.40953181998805
0,23,High,reward_dependent_global_stickiness_stage2,394.69002401574505,400.52618949217685,-5.836165476431802
1,11,Medium,reward_dependent_global_stickiness_stage2,507.3437557895143,498.97397744786036,8.369778341653955
2,30,High,reward_dependent_global_stickiness_stage2,500.0378235007715,485.6633980446871,14.374425456084396
3,37,High,reward_dependent_global_stickiness_stage2,427.50000747457807,437.29604927154077,-9.796041796962697
4,22,High,reward_dependent_global_stickiness_stage2,526.705444335216,455.5079789801435,71.19746535507255
5,8,Low,reward_dependent_global_stickiness_stage2,556.177972218536,560.4851477304285,-4.307175511892524
6,54,High,reward_dependent_global_stickiness_stage2,342.8820638416101,296.73785772789404,46.14420611371605
7,34,High,reward_dependent_global_stickiness_stage2,547.3614425838853,540.643721675116,6.717720908769252
8,45,High,reward_dependent_global_stickiness_stage2,518.7714238766288,506.2818910068042,12.489532869824586
9,22,High,reward_dependent_global_stickiness_stage2,498.51071641499254,506.9685924847154,-8.457876069722829
10,12,Medium,reward_dependent_global_stickiness_stage2,510.56038996354596,496.08691931108837,14.473470652457593
11,9,Low,reward_dependent_global_stickiness_stage2,556.6585435658869,365.5355298188968,191.12301374699013
12,34,High,reward_dependent_global_stickiness_stage2,476.3330117454608,461.0043090472917,15.328702698169081
13,12,Medium,reward_dependent_global_stickiness_stage2,476.39079701300983,461.2604742896518,15.130322723358006
14,26,High,reward_dependent_global_stickiness_stage2,505.42524685955283,446.13296005633003,59.292286803222794
15,16,Medium,reward_dependent_global_stickiness_stage2,532.3343622192136,462.59000155092247,69.74436066829116
16,7,Low,reward_dependent_global_stickiness_stage2,464.4142109610313,449.89547412520756,14.518736835823745
17,31,High,reward_dependent_global_stickiness_stage2,547.5253027297616,540.0205165081792,7.504786221582435
18,18,Medium,reward_dependent_global_stickiness_stage2,504.5464868290375,508.94973843281366,-4.403251603776141
19,12,Medium,reward_dependent_global_stickiness_stage2,521.7773432681328,525.3342792398329,-3.5569359717001134
20,8,Low,reward_dependent_global_stickiness_stage2,549.0220715887646,553.2775193547953,-4.255447766030784
21,43,High,reward_dependent_global_stickiness_stage2,522.3604810475721,497.81383642611877,24.54664462145331
22,28,High,reward_dependent_global_stickiness_stage2,537.1838300842356,532.1280728550928,5.055757229142841
23,18,Medium,reward_dependent_global_stickiness_stage2,507.8378047556364,500.0591821383488,7.778622617287624
24,1,Low,reward_dependent_global_stickiness_stage2,468.35429360711515,476.2988670997199,-7.944573492604775
25,10,Medium,reward_dependent_global_stickiness_stage2,528.2706370701143,538.5971559969594,-10.326518926845097
26,16,Medium,reward_dependent_global_stickiness_stage2,501.2475576812067,511.00214011326824,-9.754582432061568
27,36,High,reward_dependent_global_stickiness_stage2,478.3221080002702,486.24924277798857,-7.927134777718379
28,37,High,reward_dependent_global_stickiness_stage2,460.1620755841282,462.1409764647185,-1.9789008805902881
29,7,Low,reward_dependent_global_stickiness_stage2,443.0139609328264,441.65260614362535,1.361354789201073
30,5,Low,reward_dependent_global_stickiness_stage2,520.070113553894,516.6002474688869,3.4698660850070837
31,1,Low,reward_dependent_global_stickiness_stage2,497.8686875451803,504.17816032315307,-6.309472777972758
32,7,Low,reward_dependent_global_stickiness_stage2,535.5532338392533,537.7860626581165,-2.232828818863254
33,1,Low,reward_dependent_global_stickiness_stage2,415.85812221672376,407.9536265737425,7.90449564298126
34,5,Low,reward_dependent_global_stickiness_stage2,520.4789992191611,519.3335359824713,1.1454632366898068
35,13,Medium,reward_dependent_global_stickiness_stage2,470.7447630198508,430.4710331859464,40.27372983390438
36,14,Medium,reward_dependent_global_stickiness_stage2,523.1691057545981,421.97595053029744,101.19315522430071
37,18,Medium,reward_dependent_global_stickiness_stage2,513.5837745561458,486.9801799441581,26.603594611987717
38,15,Medium,reward_dependent_global_stickiness_stage2,499.3817083459795,418.24387982292245,81.13782852305707
39,1,Low,reward_dependent_global_stickiness_stage2,404.9756237629317,401.53299736591674,3.442626397014976
40,26,High,reward_dependent_global_stickiness_stage2,494.7485348044421,493.95714799937866,0.7913868050634392
41,18,Medium,reward_dependent_global_stickiness_stage2,462.43395018158526,470.23908592792446,-7.805135746339204
42,7,Low,reward_dependent_global_stickiness_stage2,428.26186052352506,431.78822177381727,-3.5263612502922115
43,18,Medium,reward_dependent_global_stickiness_stage2,495.3485742341742,495.9135041824779,-0.5649299483036998
44,10,Medium,reward_dependent_global_stickiness_stage2,417.11205494004344,420.0632102402024,-2.951155300158973
45,2,Low,reward_dependent_global_stickiness_stage2,455.4212812669507,459.89848916945,-4.477207902499288
46,14,Medium,reward_dependent_global_stickiness_stage2,507.62974592490394,501.7009708039739,5.928775120930027
47,2,Low,reward_dependent_global_stickiness_stage2,494.18629806878766,481.23244090114287,12.953857167644799
48,8,Low,reward_dependent_global_stickiness_stage2,476.8474316165261,468.3332816422345,8.51414997429157
49,8,Low,reward_dependent_global_stickiness_stage2,536.6557085813652,521.9607725769599,14.694936004405236
50,28,High,reward_dependent_global_stickiness_stage2,461.46948420161715,459.23372063030735,2.2357635713098034
51,12,Medium,reward_dependent_global_stickiness_stage2,408.95066417800786,395.72983604814993,13.22082812985792
52,11,Medium,reward_dependent_global_stickiness_stage2,505.7835673125064,507.26574698195765,-1.4821796694512273
53,26,High,reward_dependent_global_stickiness_stage2,508.4213204313675,493.3165023708545,15.104818060513026
54,22,High,reward_dependent_global_stickiness_stage2,466.44948354053804,445.47068384311837,20.978799697419674
55,13,Medium,reward_dependent_global_stickiness_stage2,468.24016907398203,472.46486806216376,-4.2246989881817285
56,8,Low,reward_dependent_global_stickiness_stage2,395.6738351113202,388.411672273102,7.262162838218217
57,9,Low,reward_dependent_global_stickiness_stage2,528.057924821279,491.48854323521215,36.56938158606687
58,3,Low,reward_dependent_global_stickiness_stage2,540.1839392853743,549.4751281320212,-9.291188846646833
59,21,High,reward_dependent_global_stickiness_stage2,410.0684536964898,398.49632308589844,11.572130610591387
60,4,Low,reward_dependent_global_stickiness_stage2,546.0317413255011,555.4086016703643,-9.37686034486319
61,17,Medium,reward_dependent_global_stickiness_stage2,494.49846264384996,469.48211366906384,25.016348974786126
62,30,High,reward_dependent_global_stickiness_stage2,285.6730430954457,288.4581472034211,-2.785104107975428
63,23,High,reward_dependent_global_stickiness_stage2,517.6166351202978,507.6154411007045,10.0011940195933
64,13,Medium,reward_dependent_global_stickiness_stage2,527.4555236565693,499.4210124206941,28.034511235875186
65,6,Low,reward_dependent_global_stickiness_stage2,559.569201578173,549.886234184865,9.68296739330799
66,13,Medium,reward_dependent_global_stickiness_stage2,522.2654660932385,487.9018396801914,34.363626413047086
67,15,Medium,reward_dependent_global_stickiness_stage2,517.483988678761,501.5268209650972,15.95716771366375
68,28,High,reward_dependent_global_stickiness_stage2,364.6318809511943,335.09370718428323,29.538173766911086
69,37,High,reward_dependent_global_stickiness_stage2,435.1059833362058,437.29618900938345,-2.1902056731776725
70,4,Low,reward_dependent_global_stickiness_stage2,401.4913751114793,403.4366396993257,-1.9452645878464523
71,7,Low,reward_dependent_global_stickiness_stage2,409.912864877297,404.3591563999849,5.553708477312114
72,7,Low,reward_dependent_global_stickiness_stage2,379.8383722813763,385.0530139547686,-5.214641673392293
73,26,High,reward_dependent_global_stickiness_stage2,500.9499726072388,491.02249041543115,9.927482191807655
74,17,Medium,reward_dependent_global_stickiness_stage2,406.9189964216758,405.38724454654243,1.5317518751333523
75,8,Low,reward_dependent_global_stickiness_stage2,513.7062844380777,509.3552492719505,4.351035166127133
76,24,High,reward_dependent_global_stickiness_stage2,436.7082876254407,432.4699686805596,4.238318944881087
77,38,High,reward_dependent_global_stickiness_stage2,493.30074301103156,482.34702267082037,10.953720340211191
78,5,Low,reward_dependent_global_stickiness_stage2,345.0213345319104,348.41364628878233,-3.3923117568719476
79,34,High,reward_dependent_global_stickiness_stage2,507.7261909526709,497.013039319641,10.713151633029895
80,9,Low,reward_dependent_global_stickiness_stage2,508.4223589157186,512.0342821151255,-3.611923199406931
81,8,Low,reward_dependent_global_stickiness_stage2,493.223256503132,486.22668905019896,6.99656745293305
82,6,Low,reward_dependent_global_stickiness_stage2,504.98197162970706,477.70906097862206,27.272910651085
83,22,High,reward_dependent_global_stickiness_stage2,534.034163289051,528.2633215345164,5.770841754534558
84,23,High,reward_dependent_global_stickiness_stage2,386.6526469134294,345.3134827270214,41.33916418640803
85,15,Medium,reward_dependent_global_stickiness_stage2,396.4536417313451,404.7606049140441,-8.306963182699008
86,10,Medium,reward_dependent_global_stickiness_stage2,500.18593405176125,503.1170201811435,-2.9310861293822654
87,9,Low,reward_dependent_global_stickiness_stage2,426.0077165988269,418.54611042388336,7.46160617494354
88,22,High,reward_dependent_global_stickiness_stage2,478.82908514640036,378.06205467594,100.76703047046038
89,10,Medium,reward_dependent_global_stickiness_stage2,540.5410889055739,531.4541268534412,9.086962052132776
90,2,Low,reward_dependent_global_stickiness_stage2,502.34177812237334,450.08049694831,52.261281174063356
91,14,Medium,reward_dependent_global_stickiness_stage2,500.2419945995371,486.1721807520703,14.069813847466833
92,28,High,reward_dependent_global_stickiness_stage2,497.6705608094208,488.72433051477674,8.946230294644067
93,10,Medium,reward_dependent_global_stickiness_stage2,518.9135031813294,498.33081537905986,20.582687802269504
94,13,Medium,reward_dependent_global_stickiness_stage2,534.2535524739801,524.8966195621248,9.356932911855324
95,7,Low,reward_dependent_global_stickiness_stage2,503.13721107717873,459.3655661828625,43.77164489431624
96,11,Medium,reward_dependent_global_stickiness_stage2,382.8321662489237,379.6917247460851,3.140441502838655
97,4,Low,reward_dependent_global_stickiness_stage2,556.7966128567331,541.999952580176,14.796660276557077
98,13,Medium,reward_dependent_global_stickiness_stage2,431.8268568719677,405.0146247377887,26.812232134179
99,31,High,reward_dependent_global_stickiness_stage2,527.7575090938724,488.9138874101536,38.843621683718766
100,8,Low,reward_dependent_global_stickiness_stage2,496.53583496340434,455.5138702911952,41.02196467220915
101,20,High,reward_dependent_global_stickiness_stage2,527.9357863065195,451.8451326330535,76.09065367346602
102,7,Low,reward_dependent_global_stickiness_stage2,343.2752525303871,347.08204549703277,-3.8067929666456735
103,38,High,reward_dependent_global_stickiness_stage2,371.9885043946891,376.93071023373096,-4.94220583904189
104,10,Medium,reward_dependent_global_stickiness_stage2,457.30370016671156,450.38608756054333,6.917612606168234
105,8,Low,reward_dependent_global_stickiness_stage2,551.463533928406,553.051729878846,-1.5881959504399674
106,19,High,reward_dependent_global_stickiness_stage2,452.8290214560761,430.16878869509446,22.660232760981614
107,10,Medium,reward_dependent_global_stickiness_stage2,503.3873377620501,498.3905494892651,4.996788272785011
108,17,Medium,reward_dependent_global_stickiness_stage2,554.9147142936354,556.9098080691839,-1.9950937755485256
109,52,High,reward_dependent_global_stickiness_stage2,549.6447731076936,482.6541743364197,66.99059877127388
110,12,Medium,reward_dependent_global_stickiness_stage2,543.3894681185491,530.4352693049716,12.954198813577477
111,36,High,reward_dependent_global_stickiness_stage2,491.98487080506465,474.7676372040797,17.21723360098497
112,13,Medium,reward_dependent_global_stickiness_stage2,500.7569806361493,454.780686673579,45.97629396257031
113,32,High,reward_dependent_global_stickiness_stage2,452.09287035867095,402.1232214090297,49.969648949641225
114,9,Low,reward_dependent_global_stickiness_stage2,490.4092301902283,457.0825438464126,33.32668634381571
115,13,Medium,reward_dependent_global_stickiness_stage2,499.42083605153806,434.3272476400478,65.09358841149026
116,23,High,reward_dependent_global_stickiness_stage2,477.18558962751905,436.2344794536475,40.95111017387154
117,34,High,reward_dependent_global_stickiness_stage2,498.38851986371293,458.575279977842,39.81323988587093
118,9,Low,reward_dependent_global_stickiness_stage2,524.2427457722627,520.7243912604472,3.5183545118154598
119,21,High,reward_dependent_global_stickiness_stage2,468.9321557087625,442.2392320279568,26.692923680805677
120,5,Low,reward_dependent_global_stickiness_stage2,506.9060789149547,513.279329308345,-6.373250393390322
121,15,Medium,reward_dependent_global_stickiness_stage2,491.3290720096266,436.964270868781,54.3648011408456
122,18,Medium,reward_dependent_global_stickiness_stage2,463.53665749481627,465.6463208897352,-2.1096633949189254
123,3,Low,reward_dependent_global_stickiness_stage2,474.6212245583926,445.5215060307813,29.099718527611287
124,30,High,reward_dependent_global_stickiness_stage2,465.7368275514324,414.1368282847689,51.599999266663474
125,42,High,reward_dependent_global_stickiness_stage2,561.3756554059855,567.2041173267645,-5.828461920778977
126,14,Medium,reward_dependent_global_stickiness_stage2,424.8741891894545,413.7718823066785,11.10230688277602
127,21,High,reward_dependent_global_stickiness_stage2,513.0851062033057,454.7173208500582,58.36778535324754
128,9,Low,reward_dependent_global_stickiness_stage2,426.52582118339177,341.0332304593001,85.49259072409166
129,7,Low,reward_dependent_global_stickiness_stage2,477.50374136447385,483.93473658286035,-6.430995218386499
130,4,Low,reward_dependent_global_stickiness_stage2,398.7184713838577,383.9913876123161,14.72708377154163
131,11,Medium,reward_dependent_global_stickiness_stage2,538.9614591818611,520.9637561074943,17.99770307436677
132,3,Low,reward_dependent_global_stickiness_stage2,483.5022236515379,431.3706050305106,52.131618621027314
133,4,Low,reward_dependent_global_stickiness_stage2,546.4149066613379,531.7371159289054,14.677790732432527
134,6,Low,reward_dependent_global_stickiness_stage2,515.99227931272,430.59675379968235,85.39552551303768
135,13,Medium,reward_dependent_global_stickiness_stage2,488.27091333104516,477.2977224499521,10.973190881093046
136,16,Medium,reward_dependent_global_stickiness_stage2,433.905235859925,425.85359303968863,8.051642820236395
137,27,High,reward_dependent_global_stickiness_stage2,503.2465856988118,504.89782599894795,-1.6512403001361236
138,21,High,reward_dependent_global_stickiness_stage2,402.27364757709773,399.1180741546976,3.1555734224001526
139,8,Low,reward_dependent_global_stickiness_stage2,500.3511573769593,476.3808237448567,23.97033363210261
140,17,Medium,reward_dependent_global_stickiness_stage2,407.0475437552921,400.39917850640956,6.6483652488825555
141,7,Low,reward_dependent_global_stickiness_stage2,436.08564273204877,418.3809680269004,17.704674705148364
142,14,Medium,reward_dependent_global_stickiness_stage2,318.571242054234,408.52260716718183,-89.95136511294783
143,4,Low,reward_dependent_global_stickiness_stage2,464.7170382745055,439.0297493441903,25.68728893031522
144,18,Medium,reward_dependent_global_stickiness_stage2,491.5567544682888,478.7108397669912,12.845914701297545
145,18,Medium,reward_dependent_global_stickiness_stage2,410.23236678667496,407.32310099609964,2.9092657905753185
146,22,High,reward_dependent_global_stickiness_stage2,511.30229438444593,500.62039303632434,10.681901348121585
147,18,Medium,reward_dependent_global_stickiness_stage2,515.6387635913798,486.0929875465375,29.545776044842285
148,19,High,reward_dependent_global_stickiness_stage2,449.97301600022814,422.2353500672007,27.737665933027415
149,21,High,reward_dependent_global_stickiness_stage2,455.65029099558234,462.2008808534356,-6.550589857853254
0,23,High,reward_dependent_state_stickiness_stage2,394.69002401574505,399.68656997526284,-4.996545959517789
1,11,Medium,reward_dependent_state_stickiness_stage2,507.3437557895143,502.5722010839111,4.771554705603194
2,30,High,reward_dependent_state_stickiness_stage2,500.0378235007715,509.3723054742489,-9.33448197347741
3,37,High,reward_dependent_state_stickiness_stage2,427.50000747457807,406.77229876212726,20.727708712450806
4,22,High,reward_dependent_state_stickiness_stage2,526.705444335216,484.3724736020483,42.33297073316777
5,8,Low,reward_dependent_state_stickiness_stage2,556.177972218536,561.0572426570309,-4.8792704384949275
6,54,High,reward_dependent_state_stickiness_stage2,342.8820638416101,339.2862713819458,3.595792459664267
7,34,High,reward_dependent_state_stickiness_stage2,547.3614425838853,555.2849555825471,-7.923512998661863
8,45,High,reward_dependent_state_stickiness_stage2,518.7714238766288,504.71278939415885,14.058634482469927
9,22,High,reward_dependent_state_stickiness_stage2,498.51071641499254,495.63259954365174,2.878116871340808
10,12,Medium,reward_dependent_state_stickiness_stage2,510.56038996354596,499.0348654516217,11.525524511924232
11,9,Low,reward_dependent_state_stickiness_stage2,556.6585435658869,401.6324674195687,155.02607614631825
12,34,High,reward_dependent_state_stickiness_stage2,476.3330117454608,475.9675854837732,0.3654262616876167
13,12,Medium,reward_dependent_state_stickiness_stage2,476.39079701300983,481.6005326798903,-5.209735666880476
14,26,High,reward_dependent_state_stickiness_stage2,505.42524685955283,485.62750836669267,19.797738492860162
15,16,Medium,reward_dependent_state_stickiness_stage2,532.3343622192136,526.0597450575144,6.2746171616992115
16,7,Low,reward_dependent_state_stickiness_stage2,464.4142109610313,470.31677103266526,-5.902560071633957
17,31,High,reward_dependent_state_stickiness_stage2,547.5253027297616,553.2014722749768,-5.676169545215203
18,18,Medium,reward_dependent_state_stickiness_stage2,504.5464868290375,501.1405668380018,3.4059199910357165
19,12,Medium,reward_dependent_state_stickiness_stage2,521.7773432681328,510.93252844382687,10.8448148243059
20,8,Low,reward_dependent_state_stickiness_stage2,549.0220715887646,548.998162429235,0.023909159529580393
21,43,High,reward_dependent_state_stickiness_stage2,522.3604810475721,511.44719075903015,10.91329028854193
22,28,High,reward_dependent_state_stickiness_stage2,537.1838300842356,521.7425549600808,15.4412751241548
23,18,Medium,reward_dependent_state_stickiness_stage2,507.8378047556364,502.05602168202716,5.781783073609233
24,1,Low,reward_dependent_state_stickiness_stage2,468.35429360711515,478.48406001202625,-10.129766404911095
25,10,Medium,reward_dependent_state_stickiness_stage2,528.2706370701143,536.1065959054666,-7.835958835352358
26,16,Medium,reward_dependent_state_stickiness_stage2,501.2475576812067,486.9577440200939,14.28981366111276
27,36,High,reward_dependent_state_stickiness_stage2,478.3221080002702,480.5906687943601,-2.2685607940899217
28,37,High,reward_dependent_state_stickiness_stage2,460.1620755841282,456.8942422517681,3.2678333323601123
29,7,Low,reward_dependent_state_stickiness_stage2,443.0139609328264,446.1341871931472,-3.1202262603208055
30,5,Low,reward_dependent_state_stickiness_stage2,520.070113553894,523.7227629876737,-3.652649433779743
31,1,Low,reward_dependent_state_stickiness_stage2,497.8686875451803,496.04955855012093,1.8191289950593728
32,7,Low,reward_dependent_state_stickiness_stage2,535.5532338392533,516.5892142886149,18.96401955063834
33,1,Low,reward_dependent_state_stickiness_stage2,415.85812221672376,425.49775908985293,-9.639636873129177
34,5,Low,reward_dependent_state_stickiness_stage2,520.4789992191611,516.6152653053199,3.8637339138412017
35,13,Medium,reward_dependent_state_stickiness_stage2,470.7447630198508,452.5910968158739,18.153666203976854
36,14,Medium,reward_dependent_state_stickiness_stage2,523.1691057545981,517.1757622607835,5.9933434938146775
37,18,Medium,reward_dependent_state_stickiness_stage2,513.5837745561458,513.3016060257756,0.28216853037019973
38,15,Medium,reward_dependent_state_stickiness_stage2,499.3817083459795,489.05767053710605,10.32403780887347
39,1,Low,reward_dependent_state_stickiness_stage2,404.9756237629317,402.08836193715035,2.8872618257813656
40,26,High,reward_dependent_state_stickiness_stage2,494.7485348044421,503.1206453895728,-8.372110585130713
41,18,Medium,reward_dependent_state_stickiness_stage2,462.43395018158526,457.6466291551915,4.7873210263937835
42,7,Low,reward_dependent_state_stickiness_stage2,428.26186052352506,437.1426430422055,-8.880782518680462
43,18,Medium,reward_dependent_state_stickiness_stage2,495.3485742341742,497.3960848969745,-2.0475106628003346
44,10,Medium,reward_dependent_state_stickiness_stage2,417.11205494004344,419.96974147088446,-2.857686530841022
45,2,Low,reward_dependent_state_stickiness_stage2,455.4212812669507,438.5050348261659,16.91624644078479
46,14,Medium,reward_dependent_state_stickiness_stage2,507.62974592490394,514.7588509139684,-7.129104989064501
47,2,Low,reward_dependent_state_stickiness_stage2,494.18629806878766,493.1763764159476,1.0099216528400916
48,8,Low,reward_dependent_state_stickiness_stage2,476.8474316165261,477.68933619594225,-0.8419045794161661
49,8,Low,reward_dependent_state_stickiness_stage2,536.6557085813652,542.2760170870166,-5.620308505651451
50,28,High,reward_dependent_state_stickiness_stage2,461.46948420161715,459.9457604777607,1.523723723856449
51,12,Medium,reward_dependent_state_stickiness_stage2,408.95066417800786,389.4242668446387,19.526397333369175
52,11,Medium,reward_dependent_state_stickiness_stage2,505.7835673125064,508.9514401598208,-3.1678728473143565
53,26,High,reward_dependent_state_stickiness_stage2,508.4213204313675,497.83228355679336,10.589036874574163
54,22,High,reward_dependent_state_stickiness_stage2,466.44948354053804,449.24081611100064,17.2086674295374
55,13,Medium,reward_dependent_state_stickiness_stage2,468.24016907398203,475.1423002032848,-6.902131129302745
56,8,Low,reward_dependent_state_stickiness_stage2,395.6738351113202,405.2236947874468,-9.549859676126573
57,9,Low,reward_dependent_state_stickiness_stage2,528.057924821279,515.0857697308015,12.972155090477486
58,3,Low,reward_dependent_state_stickiness_stage2,540.1839392853743,546.8771875321945,-6.69324824682019
59,21,High,reward_dependent_state_stickiness_stage2,410.0684536964898,409.1158935927606,0.9525601037292404
60,4,Low,reward_dependent_state_stickiness_stage2,546.0317413255011,555.7610584856824,-9.729317160181267
61,17,Medium,reward_dependent_state_stickiness_stage2,494.49846264384996,486.4631089789886,8.035353664861361
62,30,High,reward_dependent_state_stickiness_stage2,285.6730430954457,282.4940031603736,3.179039935072069
63,23,High,reward_dependent_state_stickiness_stage2,517.6166351202978,515.504919662664,2.1117154576338635
64,13,Medium,reward_dependent_state_stickiness_stage2,527.4555236565693,513.4979666701408,13.957556986428472
65,6,Low,reward_dependent_state_stickiness_stage2,559.569201578173,556.8414318858438,2.7277696923291614
66,13,Medium,reward_dependent_state_stickiness_stage2,522.2654660932385,510.2503578718834,12.015108221355092
67,15,Medium,reward_dependent_state_stickiness_stage2,517.483988678761,514.3083528635847,3.1756358151762925
68,28,High,reward_dependent_state_stickiness_stage2,364.6318809511943,342.8455974648834,21.786283486310936
69,37,High,reward_dependent_state_stickiness_stage2,435.1059833362058,442.40721123597046,-7.301227899764683
70,4,Low,reward_dependent_state_stickiness_stage2,401.4913751114793,403.8532873152943,-2.361912203815052
71,7,Low,reward_dependent_state_stickiness_stage2,409.912864877297,407.2743448649123,2.638520012384731
72,7,Low,reward_dependent_state_stickiness_stage2,379.8383722813763,383.6207487990108,-3.782376517634532
73,26,High,reward_dependent_state_stickiness_stage2,500.9499726072388,489.5464465850632,11.403526022175583
74,17,Medium,reward_dependent_state_stickiness_stage2,406.9189964216758,406.1498934527031,0.7691029689726747
75,8,Low,reward_dependent_state_stickiness_stage2,513.7062844380777,493.5218298440703,20.184454594007377
76,24,High,reward_dependent_state_stickiness_stage2,436.7082876254407,445.71827172575576,-9.00998410031508
77,38,High,reward_dependent_state_stickiness_stage2,493.30074301103156,495.24378290783187,-1.9430398968003146
78,5,Low,reward_dependent_state_stickiness_stage2,345.0213345319104,337.8172260756074,7.204108456303004
79,34,High,reward_dependent_state_stickiness_stage2,507.7261909526709,511.25760766955483,-3.531416716883939
80,9,Low,reward_dependent_state_stickiness_stage2,508.4223589157186,512.7299598375012,-4.30760092178258
81,8,Low,reward_dependent_state_stickiness_stage2,493.223256503132,494.1359622525518,-0.9127057494197857
82,6,Low,reward_dependent_state_stickiness_stage2,504.98197162970706,514.379887552181,-9.397915922473942
83,22,High,reward_dependent_state_stickiness_stage2,534.034163289051,538.8213478114664,-4.787184522415373
84,23,High,reward_dependent_state_stickiness_stage2,386.6526469134294,396.6649346362094,-10.012287722780002
85,15,Medium,reward_dependent_state_stickiness_stage2,396.4536417313451,400.5764559360414,-4.122814204696283
86,10,Medium,reward_dependent_state_stickiness_stage2,500.18593405176125,488.4675475235042,11.718386528257042
87,9,Low,reward_dependent_state_stickiness_stage2,426.0077165988269,430.2148842547371,-4.207167655910212
88,22,High,reward_dependent_state_stickiness_stage2,478.82908514640036,456.72266899942167,22.106416146978688
89,10,Medium,reward_dependent_state_stickiness_stage2,540.5410889055739,529.1082576766258,11.43283122894809
90,2,Low,reward_dependent_state_stickiness_stage2,502.34177812237334,491.44721217068115,10.894565951692186
91,14,Medium,reward_dependent_state_stickiness_stage2,500.2419945995371,479.79437306720786,20.447621532329265
92,28,High,reward_dependent_state_stickiness_stage2,497.6705608094208,488.8852708166006,8.785289992820196
93,10,Medium,reward_dependent_state_stickiness_stage2,518.9135031813294,514.8403492204864,4.073153960843001
94,13,Medium,reward_dependent_state_stickiness_stage2,534.2535524739801,533.2396542746226,1.0138981993575271
95,7,Low,reward_dependent_state_stickiness_stage2,503.13721107717873,495.91727598466736,7.219935092511378
96,11,Medium,reward_dependent_state_stickiness_stage2,382.8321662489237,376.83149973274925,6.000666516174476
97,4,Low,reward_dependent_state_stickiness_stage2,556.7966128567331,545.5688943029439,11.227718553789146
98,13,Medium,reward_dependent_state_stickiness_stage2,431.8268568719677,434.53749426030475,-2.710637388337034
99,31,High,reward_dependent_state_stickiness_stage2,527.7575090938724,505.55778734307665,22.19972175079573
100,8,Low,reward_dependent_state_stickiness_stage2,496.53583496340434,452.8526734532187,43.68316151018564
101,20,High,reward_dependent_state_stickiness_stage2,527.9357863065195,524.6280090371304,3.3077772693891347
102,7,Low,reward_dependent_state_stickiness_stage2,343.2752525303871,350.1673813328282,-6.892128802441107
103,38,High,reward_dependent_state_stickiness_stage2,371.9885043946891,376.3422353177411,-4.353730923052012
104,10,Medium,reward_dependent_state_stickiness_stage2,457.30370016671156,464.50662360691524,-7.202923440203676
105,8,Low,reward_dependent_state_stickiness_stage2,551.463533928406,556.4069978019393,-4.943463873533233
106,19,High,reward_dependent_state_stickiness_stage2,452.8290214560761,434.04733206460253,18.78168939147355
107,10,Medium,reward_dependent_state_stickiness_stage2,503.3873377620501,509.39915662312774,-6.011818861077643
108,17,Medium,reward_dependent_state_stickiness_stage2,554.9147142936354,561.8494032667963,-6.9346889731609735
109,52,High,reward_dependent_state_stickiness_stage2,549.6447731076936,542.6797429358221,6.96503017187149
110,12,Medium,reward_dependent_state_stickiness_stage2,543.3894681185491,550.986497471374,-7.597029352824961
111,36,High,reward_dependent_state_stickiness_stage2,491.98487080506465,494.7050871872032,-2.720216382138574
112,13,Medium,reward_dependent_state_stickiness_stage2,500.7569806361493,506.71626658853506,-5.9592859523857555
113,32,High,reward_dependent_state_stickiness_stage2,452.09287035867095,438.8585447338637,13.23432562480724
114,9,Low,reward_dependent_state_stickiness_stage2,490.4092301902283,487.11434692857205,3.2948832616562527
115,13,Medium,reward_dependent_state_stickiness_stage2,499.42083605153806,469.42942695136014,29.99140910017792
116,23,High,reward_dependent_state_stickiness_stage2,477.18558962751905,480.7821774373393,-3.596587809820278
117,34,High,reward_dependent_state_stickiness_stage2,498.38851986371293,501.7301605746449,-3.3416407109319834
118,9,Low,reward_dependent_state_stickiness_stage2,524.2427457722627,508.6840530854018,15.558692686860866
119,21,High,reward_dependent_state_stickiness_stage2,468.9321557087625,448.9931046679856,19.93905104077686
120,5,Low,reward_dependent_state_stickiness_stage2,506.9060789149547,507.52827087629987,-0.6221919613451519
121,15,Medium,reward_dependent_state_stickiness_stage2,491.3290720096266,480.1767322885857,11.152339721040903
122,18,Medium,reward_dependent_state_stickiness_stage2,463.53665749481627,461.4118310617742,2.124826433042074
123,3,Low,reward_dependent_state_stickiness_stage2,474.6212245583926,475.9002665320021,-1.2790419736094805
124,30,High,reward_dependent_state_stickiness_stage2,465.7368275514324,446.93929758836936,18.797529963063027
125,42,High,reward_dependent_state_stickiness_stage2,561.3756554059855,573.1885771280523,-11.81292172206679
126,14,Medium,reward_dependent_state_stickiness_stage2,424.8741891894545,399.5818481447269,25.292341044727607
127,21,High,reward_dependent_state_stickiness_stage2,513.0851062033057,498.2813902895932,14.803715913712495
128,9,Low,reward_dependent_state_stickiness_stage2,426.52582118339177,382.17307450551255,44.352746677879225
129,7,Low,reward_dependent_state_stickiness_stage2,477.50374136447385,474.9829064524633,2.520834912010571
130,4,Low,reward_dependent_state_stickiness_stage2,398.7184713838577,391.9459999296574,6.772471454200343
131,11,Medium,reward_dependent_state_stickiness_stage2,538.9614591818611,523.4907655094362,15.470693672424886
132,3,Low,reward_dependent_state_stickiness_stage2,483.5022236515379,459.91198974040464,23.590233911133282
133,4,Low,reward_dependent_state_stickiness_stage2,546.4149066613379,540.2109435115735,6.203963149764377
134,6,Low,reward_dependent_state_stickiness_stage2,515.99227931272,512.5602329094246,3.4320464032954305
135,13,Medium,reward_dependent_state_stickiness_stage2,488.27091333104516,463.15093723679763,25.119976094247534
136,16,Medium,reward_dependent_state_stickiness_stage2,433.905235859925,431.165725894974,2.7395099649510257
137,27,High,reward_dependent_state_stickiness_stage2,503.2465856988118,512.5872440770871,-9.340658378275293
138,21,High,reward_dependent_state_stickiness_stage2,402.27364757709773,391.1922337539485,11.081413823149205
139,8,Low,reward_dependent_state_stickiness_stage2,500.3511573769593,494.3351892593119,6.01596811764739
140,17,Medium,reward_dependent_state_stickiness_stage2,407.0475437552921,411.9644722099347,-4.916928454642573
141,7,Low,reward_dependent_state_stickiness_stage2,436.08564273204877,441.3782427834854,-5.2926000514366365
142,14,Medium,reward_dependent_state_stickiness_stage2,318.571242054234,312.12820400905275,6.443038045181254
143,4,Low,reward_dependent_state_stickiness_stage2,464.7170382745055,459.6869252895209,5.030112984984612
144,18,Medium,reward_dependent_state_stickiness_stage2,491.5567544682888,479.1864024994557,12.370351968833063
145,18,Medium,reward_dependent_state_stickiness_stage2,410.23236678667496,416.66066255442786,-6.4282957677529
146,22,High,reward_dependent_state_stickiness_stage2,511.30229438444593,503.3231741817061,7.979120202739807
147,18,Medium,reward_dependent_state_stickiness_stage2,515.6387635913798,511.0047932631037,4.633970328276064
148,19,High,reward_dependent_state_stickiness_stage2,449.97301600022814,454.38361538512305,-4.410599384894908
149,21,High,reward_dependent_state_stickiness_stage2,455.65029099558234,453.52509334822776,2.1251976473545824
0,23,High,separate_mb_mf_betas,394.69002401574505,400.24064374283085,-5.550619727085802
1,11,Medium,separate_mb_mf_betas,507.3437557895143,511.6351037829872,-4.291347993472868
2,30,High,separate_mb_mf_betas,500.0378235007715,501.13488625319246,-1.0970627524209817
3,37,High,separate_mb_mf_betas,427.50000747457807,268.1305378461479,159.36946962843018
4,22,High,separate_mb_mf_betas,526.705444335216,525.570894047199,1.134550288017067
5,8,Low,separate_mb_mf_betas,556.177972218536,565.8611757632843,-9.68320354474838
6,54,High,separate_mb_mf_betas,342.8820638416101,341.853399721921,1.0286641196890969
7,34,High,separate_mb_mf_betas,547.3614425838853,555.2293537257252,-7.867911141839954
8,45,High,separate_mb_mf_betas,518.7714238766288,531.2450639791376,-12.473640102508853
9,22,High,separate_mb_mf_betas,498.51071641499254,492.3763667800846,6.134349634907949
10,12,Medium,separate_mb_mf_betas,510.56038996354596,497.50880213435477,13.051587829191192
11,9,Low,separate_mb_mf_betas,556.6585435658869,531.6949259042079,24.963617661678995
12,34,High,separate_mb_mf_betas,476.3330117454608,452.65078894513107,23.682222800329725
13,12,Medium,separate_mb_mf_betas,476.39079701300983,481.07980692967664,-4.689009916666805
14,26,High,separate_mb_mf_betas,505.42524685955283,397.2022221186033,108.22302474094954
15,16,Medium,separate_mb_mf_betas,532.3343622192136,530.6481247869239,1.6862374322897722
16,7,Low,separate_mb_mf_betas,464.4142109610313,452.3384281825969,12.075782778434416
17,31,High,separate_mb_mf_betas,547.5253027297616,553.806309542986,-6.281006813224394
18,18,Medium,separate_mb_mf_betas,504.5464868290375,513.4113810284965,-8.864894199459002
19,12,Medium,separate_mb_mf_betas,521.7773432681328,443.7124405615261,78.06490270660669
20,8,Low,separate_mb_mf_betas,549.0220715887646,555.2998314164727,-6.27775982770811
21,43,High,separate_mb_mf_betas,522.3604810475721,518.946535876316,3.413945171256046
22,28,High,separate_mb_mf_betas,537.1838300842356,533.9500858467665,3.233744237469182
23,18,Medium,separate_mb_mf_betas,507.8378047556364,516.4808628848514,-8.643058129214978
24,1,Low,separate_mb_mf_betas,468.35429360711515,478.7789955881577,-10.424701981042574
25,10,Medium,separate_mb_mf_betas,528.2706370701143,536.4691452013401,-8.198508131225822
26,16,Medium,separate_mb_mf_betas,501.2475576812067,496.0510437338532,5.1965139473534805
27,36,High,separate_mb_mf_betas,478.3221080002702,463.5229801482085,14.799127852061702
28,37,High,separate_mb_mf_betas,460.1620755841282,310.1814926903173,149.9805828938109
29,7,Low,separate_mb_mf_betas,443.0139609328264,429.3979460019206,13.616014930905806
30,5,Low,separate_mb_mf_betas,520.070113553894,529.8228352323944,-9.752721678500393
31,1,Low,separate_mb_mf_betas,497.8686875451803,506.84882196481624,-8.980134419635931
32,7,Low,separate_mb_mf_betas,535.5532338392533,470.14732782449914,65.40590601475412
33,1,Low,separate_mb_mf_betas,415.85812221672376,422.20101506006193,-6.342892843338177
34,5,Low,separate_mb_mf_betas,520.4789992191611,454.76945957274734,65.70953964641376
35,13,Medium,separate_mb_mf_betas,470.7447630198508,472.66810696754555,-1.9233439476947751
36,14,Medium,separate_mb_mf_betas,523.1691057545981,526.6469336677792,-3.477827913181045
37,18,Medium,separate_mb_mf_betas,513.5837745561458,522.0025048133052,-8.418730257159382
38,15,Medium,separate_mb_mf_betas,499.3817083459795,509.2983262538812,-9.916617907901696
39,1,Low,separate_mb_mf_betas,404.9756237629317,346.0510345792571,58.92458918367464
40,26,High,separate_mb_mf_betas,494.7485348044421,492.60017999504475,2.148354809397347
41,18,Medium,separate_mb_mf_betas,462.43395018158526,427.85890715958175,34.57504302200351
42,7,Low,separate_mb_mf_betas,428.26186052352506,431.88308339067464,-3.6212228671495836
43,18,Medium,separate_mb_mf_betas,495.3485742341742,409.5084822996873,85.8400919344869
44,10,Medium,separate_mb_mf_betas,417.11205494004344,424.33452692405785,-7.222471984014419
45,2,Low,separate_mb_mf_betas,455.4212812669507,423.17954258130845,32.24173868564225
46,14,Medium,separate_mb_mf_betas,507.62974592490394,515.3779018870559,-7.748155962151998
47,2,Low,separate_mb_mf_betas,494.18629806878766,477.11564695905696,17.070651109730704
48,8,Low,separate_mb_mf_betas,476.8474316165261,471.3754614559844,5.471970160541673
49,8,Low,separate_mb_mf_betas,536.6557085813652,540.8434690773929,-4.1877604960277495
50,28,High,separate_mb_mf_betas,461.46948420161715,464.2484785117869,-2.7789943101697645
51,12,Medium,separate_mb_mf_betas,408.95066417800786,398.5813965504862,10.369267627521651
52,11,Medium,separate_mb_mf_betas,505.7835673125064,469.814605434,35.968961878506434
53,26,High,separate_mb_mf_betas,508.4213204313675,516.7137639141725,-8.292443482805027
54,22,High,separate_mb_mf_betas,466.44948354053804,447.57729869341574,18.8721848471223
55,13,Medium,separate_mb_mf_betas,468.24016907398203,361.4233118955907,106.81685717839133
56,8,Low,separate_mb_mf_betas,395.6738351113202,379.22888270177066,16.444952409549558
57,9,Low,separate_mb_mf_betas,528.057924821279,520.0449305913269,8.012994229952142
58,3,Low,separate_mb_mf_betas,540.1839392853743,539.5225015487176,0.6614377366566941
59,21,High,separate_mb_mf_betas,410.0684536964898,401.0110580239059,9.057395672583937
60,4,Low,separate_mb_mf_betas,546.0317413255011,552.9728226196756,-6.9410812941745235
61,17,Medium,separate_mb_mf_betas,494.49846264384996,502.75056282197755,-8.252100178127591
62,30,High,separate_mb_mf_betas,285.6730430954457,188.73476426346022,96.93827883198546
63,23,High,separate_mb_mf_betas,517.6166351202978,521.6604626323946,-4.043827512096755
64,13,Medium,separate_mb_mf_betas,527.4555236565693,393.1309574861821,134.3245661703872
65,6,Low,separate_mb_mf_betas,559.569201578173,570.1658363112691,-10.596634733096153
66,13,Medium,separate_mb_mf_betas,522.2654660932385,501.7727173140879,20.49274877915059
67,15,Medium,separate_mb_mf_betas,517.483988678761,516.824172369482,0.6598163092789946
68,28,High,separate_mb_mf_betas,364.6318809511943,318.3234039831304,46.30847696806393
69,37,High,separate_mb_mf_betas,435.1059833362058,416.9055690261919,18.200414310013855
70,4,Low,separate_mb_mf_betas,401.4913751114793,410.09524665829383,-8.60387154681456
71,7,Low,separate_mb_mf_betas,409.912864877297,363.97613640567755,45.93672847161946
72,7,Low,separate_mb_mf_betas,379.8383722813763,372.00855717918773,7.829815102188547
73,26,High,separate_mb_mf_betas,500.9499726072388,511.0719342957803,-10.12196168854149
74,17,Medium,separate_mb_mf_betas,406.9189964216758,409.63993410009596,-2.720937678420171
75,8,Low,separate_mb_mf_betas,513.7062844380777,523.4063391818166,-9.700054743738974
76,24,High,separate_mb_mf_betas,436.7082876254407,447.30390563785227,-10.595618012411592
77,38,High,separate_mb_mf_betas,493.30074301103156,486.61429211930516,6.686450891726395
78,5,Low,separate_mb_mf_betas,345.0213345319104,334.84064343389434,10.180691098016041
79,34,High,separate_mb_mf_betas,507.7261909526709,517.6327999243646,-9.906608971693686
80,9,Low,separate_mb_mf_betas,508.4223589157186,518.8991394552071,-10.476780539488516
81,8,Low,separate_mb_mf_betas,493.223256503132,469.8720682532595,23.351188249872507
82,6,Low,separate_mb_mf_betas,504.98197162970706,508.7150074509115,-3.733035821204453
83,22,High,separate_mb_mf_betas,534.034163289051,525.7377197670783,8.29644352197272
84,23,High,separate_mb_mf_betas,386.6526469134294,382.6800571198123,3.9725897936170895
85,15,Medium,separate_mb_mf_betas,396.4536417313451,400.6731904072377,-4.219548675892611
86,10,Medium,separate_mb_mf_betas,500.18593405176125,500.6011919219688,-0.41525787020754024
87,9,Low,separate_mb_mf_betas,426.0077165988269,421.26684875131457,4.740867847512334
88,22,High,separate_mb_mf_betas,478.82908514640036,360.7146316814662,118.11445346493417
89,10,Medium,separate_mb_mf_betas,540.5410889055739,547.8855861766469,-7.34449727107301
90,2,Low,separate_mb_mf_betas,502.34177812237334,479.81725490001475,22.524523222358596
91,14,Medium,separate_mb_mf_betas,500.2419945995371,509.4612229919232,-9.219228392386071
92,28,High,separate_mb_mf_betas,497.6705608094208,503.31044565654514,-5.6398848471243355
93,10,Medium,separate_mb_mf_betas,518.9135031813294,515.7663425172476,3.1471606640817527
94,13,Medium,separate_mb_mf_betas,534.2535524739801,511.8461889413215,22.40736353265862
95,7,Low,separate_mb_mf_betas,503.13721107717873,513.2381233811996,-10.100912304020824
96,11,Medium,separate_mb_mf_betas,382.8321662489237,325.7362803188396,57.09588593008414
97,4,Low,separate_mb_mf_betas,556.7966128567331,567.3932475898292,-10.596634733096153
98,13,Medium,separate_mb_mf_betas,431.8268568719677,422.01807642671923,9.808780445248487
99,31,High,separate_mb_mf_betas,527.7575090938724,524.4461150589506,3.3113940349218183
100,8,Low,separate_mb_mf_betas,496.53583496340434,457.20178621061336,39.33404875279098
101,20,High,separate_mb_mf_betas,527.9357863065195,526.6763683218006,1.2594179847188798
102,7,Low,separate_mb_mf_betas,343.2752525303871,322.03990048011775,21.23535205026934
103,38,High,separate_mb_mf_betas,371.9885043946891,376.45848753686136,-4.469983142172282
104,10,Medium,separate_mb_mf_betas,457.30370016671156,403.7158936138044,53.58780655290718
105,8,Low,separate_mb_mf_betas,551.463533928406,565.6429046933177,-14.17937076491171
106,19,High,separate_mb_mf_betas,452.8290214560761,366.47980465979083,86.34921679628525
107,10,Medium,separate_mb_mf_betas,503.3873377620501,411.29121100637917,92.09612675567092
108,17,Medium,separate_mb_mf_betas,554.9147142936354,565.290940169129,-10.376225875493674
109,52,High,separate_mb_mf_betas,549.6447731076936,507.8328606728695,41.81191243482408
110,12,Medium,separate_mb_mf_betas,543.3894681185491,553.228889513953,-9.839421395403974
111,36,High,separate_mb_mf_betas,491.98487080506465,500.4005398648692,-8.415669059804543
112,13,Medium,separate_mb_mf_betas,500.7569806361493,496.00950173700886,4.747478899140447
113,32,High,separate_mb_mf_betas,452.09287035867095,365.1464670902454,86.94640326842557
114,9,Low,separate_mb_mf_betas,490.4092301902283,444.46804546790383,45.941184722324465
115,13,Medium,separate_mb_mf_betas,499.42083605153806,401.47335566637275,97.9474803851653
116,23,High,separate_mb_mf_betas,477.18558962751905,469.01657534425357,8.169014283265483
117,34,High,separate_mb_mf_betas,498.38851986371293,494.56955423693313,3.8189656267798
118,9,Low,separate_mb_mf_betas,524.2427457722627,535.1997098965888,-10.956964124326191
119,21,High,separate_mb_mf_betas,468.9321557087625,443.4921392886486,25.440016420113864
120,5,Low,separate_mb_mf_betas,506.9060789149547,506.67980798559677,0.2262709293579519
121,15,Medium,separate_mb_mf_betas,491.3290720096266,498.6115203028035,-7.282448293176913
122,18,Medium,separate_mb_mf_betas,463.53665749481627,422.94386355739704,40.59279393741923
123,3,Low,separate_mb_mf_betas,474.6212245583926,482.90260649783374,-8.281381939441133
124,30,High,separate_mb_mf_betas,465.7368275514324,418.3916937615385,47.34513378989391
125,42,High,separate_mb_mf_betas,561.3756554059855,564.4443425833366,-3.06868717735108
126,14,Medium,separate_mb_mf_betas,424.8741891894545,297.92925285450286,126.94493633495165
127,21,High,separate_mb_mf_betas,513.0851062033057,508.21352294771344,4.87158325559227
128,9,Low,separate_mb_mf_betas,426.52582118339177,256.26406942292175,170.26175176047002
129,7,Low,separate_mb_mf_betas,477.50374136447385,472.48580313715127,5.017938227322588
130,4,Low,separate_mb_mf_betas,398.7184713838577,257.1199736303086,141.5984977535491
131,11,Medium,separate_mb_mf_betas,538.9614591818611,449.5007174487816,89.46074173307949
132,3,Low,separate_mb_mf_betas,483.5022236515379,464.4906397187933,19.0115839327446
133,4,Low,separate_mb_mf_betas,546.4149066613379,389.56419013499897,156.85071652633894
134,6,Low,separate_mb_mf_betas,515.99227931272,480.95656965758906,35.03570965513097
135,13,Medium,separate_mb_mf_betas,488.27091333104516,488.46866513224967,-0.19775180120450386
136,16,Medium,separate_mb_mf_betas,433.905235859925,423.9374875948598,9.967748265065211
137,27,High,separate_mb_mf_betas,503.2465856988118,508.73115170001324,-5.484566001201415
138,21,High,separate_mb_mf_betas,402.27364757709773,205.60483532410237,196.66881225299537
139,8,Low,separate_mb_mf_betas,500.3511573769593,416.2657240357398,84.08543334121947
140,17,Medium,separate_mb_mf_betas,407.0475437552921,400.55587850198043,6.49166525331168
141,7,Low,separate_mb_mf_betas,436.08564273204877,439.74001917378627,-3.6543764417374973
142,14,Medium,separate_mb_mf_betas,318.571242054234,319.88333666942106,-1.3120946151870498
143,4,Low,separate_mb_mf_betas,464.7170382745055,395.6449285240164,69.07210975048912
144,18,Medium,separate_mb_mf_betas,491.5567544682888,467.3815493835026,24.17520508478617
145,18,Medium,separate_mb_mf_betas,410.23236678667496,417.94628756860027,-7.71392078192531
146,22,High,separate_mb_mf_betas,511.30229438444593,513.9233664259045,-2.6210720414586035
147,18,Medium,separate_mb_mf_betas,515.6387635913798,525.8697160006516,-10.230952409271822
148,19,High,separate_mb_mf_betas,449.97301600022814,437.48361165698765,12.489404343240494
149,21,High,separate_mb_mf_betas,455.65029099558234,461.99983555211645,-6.349544556534113
0,23,High,separate_stage2_beta,394.69002401574505,398.46794558759086,-3.777921571845809
1,11,Medium,separate_stage2_beta,507.3437557895143,507.27432339705626,0.06943239245805444
2,30,High,separate_stage2_beta,500.0378235007715,502.1911163660251,-2.1532928652536043
3,37,High,separate_stage2_beta,427.50000747457807,418.44791682381845,9.052090650759624
4,22,High,separate_stage2_beta,526.705444335216,523.6800677709884,3.0253765642275994
5,8,Low,separate_stage2_beta,556.177972218536,560.5628584018398,-4.38488618330382
6,54,High,separate_stage2_beta,342.8820638416101,345.0029394448001,-2.1208756031900293
7,34,High,separate_stage2_beta,547.3614425838853,550.9382391125428,-3.5767965286574963
8,45,High,separate_stage2_beta,518.7714238766288,523.4826974310184,-4.711273554389663
9,22,High,separate_stage2_beta,498.51071641499254,487.0780494135376,11.432667001454945
10,12,Medium,separate_stage2_beta,510.56038996354596,511.96096827395814,-1.400578310412186
11,9,Low,separate_stage2_beta,556.6585435658869,554.3035544059472,2.3549891599396915
12,34,High,separate_stage2_beta,476.3330117454608,480.2645411696681,-3.9315294242073264
13,12,Medium,separate_stage2_beta,476.39079701300983,477.59283579289905,-1.2020387798892216
14,26,High,separate_stage2_beta,505.42524685955283,495.41834773079785,10.00689912875498
15,16,Medium,separate_stage2_beta,532.3343622192136,535.7269644143059,-3.3926021950923086
16,7,Low,separate_stage2_beta,464.4142109610313,454.00739065170376,10.406820309327543
17,31,High,separate_stage2_beta,547.5253027297616,548.5982684164079,-1.0729656866462847
18,18,Medium,separate_stage2_beta,504.5464868290375,509.82884899858976,-5.282362169552243
19,12,Medium,separate_stage2_beta,521.7773432681328,524.6496516532102,-2.8723083850774174
20,8,Low,separate_stage2_beta,549.0220715887646,553.7773383383852,-4.7552667496206595
21,43,High,separate_stage2_beta,522.3604810475721,520.423990990576,1.9364900569960355
22,28,High,separate_stage2_beta,537.1838300842356,528.6517684802258,8.532061604009868
23,18,Medium,separate_stage2_beta,507.8378047556364,512.5123184166333,-4.674513660996922
24,1,Low,separate_stage2_beta,468.35429360711515,473.4806782216569,-5.126384614541735
25,10,Medium,separate_stage2_beta,528.2706370701143,531.1708278347871,-2.900190764672857
26,16,Medium,separate_stage2_beta,501.2475576812067,505.91707891444656,-4.669521233239891
27,36,High,separate_stage2_beta,478.3221080002702,474.07578757941656,4.246320420853635
28,37,High,separate_stage2_beta,460.1620755841282,464.3146196736605,-4.1525440895322845
29,7,Low,separate_stage2_beta,443.0139609328264,436.32827722629645,6.6856837065299715
30,5,Low,separate_stage2_beta,520.070113553894,524.5245178623871,-4.454404308493167
31,1,Low,separate_stage2_beta,497.8686875451803,501.5505045983213,-3.6818170531410033
32,7,Low,separate_stage2_beta,535.5532338392533,531.8849468086368,3.6682870306165114
33,1,Low,separate_stage2_beta,415.85812221672376,416.90269769351744,-1.044575476793682
34,5,Low,separate_stage2_beta,520.4789992191611,516.0957952721719,4.38320394698917
35,13,Medium,separate_stage2_beta,470.7447630198508,475.34638045087684,-4.601617431026057
36,14,Medium,separate_stage2_beta,523.1691057545981,521.4565709076363,1.7125348469618302
37,18,Medium,separate_stage2_beta,513.5837745561458,516.704187446704,-3.120412890558214
38,15,Medium,separate_stage2_beta,499.3817083459795,504.1598540021975,-4.778145656217987
39,1,Low,separate_stage2_beta,404.9756237629317,385.2699232084892,19.7057005544425
40,26,High,separate_stage2_beta,494.7485348044421,498.555913577253,-3.807378772810921
41,18,Medium,separate_stage2_beta,462.43395018158526,465.96595692633014,-3.5320067447448764
42,7,Low,separate_stage2_beta,428.26186052352506,426.5847660241476,1.6770944993774606
43,18,Medium,separate_stage2_beta,495.3485742341742,500.6363836211141,-5.287809386939898
44,10,Medium,separate_stage2_beta,417.11205494004344,420.5097734702977,-3.3977185302542807
45,2,Low,separate_stage2_beta,455.4212812669507,444.2713391860407,11.149942080910023
46,14,Medium,separate_stage2_beta,507.62974592490394,512.8636717030105,-5.2339257781065385
47,2,Low,separate_stage2_beta,494.18629806878766,495.07266778806166,-0.8863697192740005
48,8,Low,separate_stage2_beta,476.8474316165261,468.124754802721,8.722676813805094
49,8,Low,separate_stage2_beta,536.6557085813652,540.220056704707,-3.5643481233418015
50,28,High,separate_stage2_beta,461.46948420161715,464.6097096130622,-3.1402254114450443
51,12,Medium,separate_stage2_beta,408.95066417800786,406.02925141201433,2.921412765993523
52,11,Medium,separate_stage2_beta,505.7835673125064,464.52836034348314,41.25520696902328
53,26,High,separate_stage2_beta,508.4213204313675,511.41544654752937,-2.9941261161618513
54,22,High,separate_stage2_beta,466.44948354053804,468.6914062889726,-2.241922748434547
55,13,Medium,separate_stage2_beta,468.24016907398203,471.847393197166,-3.6072241231839826
56,8,Low,separate_stage2_beta,395.6738351113202,395.48859282453657,0.18524228678364807
57,9,Low,separate_stage2_beta,528.057924821279,532.9553318085794,-4.897406987300428
58,3,Low,separate_stage2_beta,540.1839392853743,534.224184182162,5.959755103212274
59,21,High,separate_stage2_beta,410.0684536964898,406.3558900706056,3.712563625884229
60,4,Low,separate_stage2_beta,546.0317413255011,548.009168282846,-1.9774269573448464
61,17,Medium,separate_stage2_beta,494.49846264384996,499.20761277644516,-4.709150132595198
62,30,High,separate_stage2_beta,285.6730430954457,290.9713604619958,-5.298317366550123
63,23,High,separate_stage2_beta,517.6166351202978,516.3621431486267,1.2544919716710865
64,13,Medium,separate_stage2_beta,527.4555236565693,501.28642408394614,26.169099572623168
65,6,Low,separate_stage2_beta,559.569201578173,552.7206591062222,6.848542471950736
66,13,Medium,separate_stage2_beta,522.2654660932385,525.4100877024046,-3.1446216091660517
67,15,Medium,separate_stage2_beta,517.483988678761,519.9529114443973,-2.4689227656363073
68,28,High,separate_stage2_beta,364.6318809511943,365.6292096030507,-0.9973286518563782
69,37,High,separate_stage2_beta,435.1059833362058,438.7574043147491,-3.6514209785433422
70,4,Low,separate_stage2_beta,401.4913751114793,405.1778839749286,-3.686508863449319
71,7,Low,separate_stage2_beta,409.912864877297,412.6807954118178,-2.767930534520815
72,7,Low,separate_stage2_beta,379.8383722813763,366.71023981264176,13.12813246873452
73,26,High,separate_stage2_beta,500.9499726072388,505.95135569257644,-5.001383085337636
74,17,Medium,separate_stage2_beta,406.9189964216758,405.406833696795,1.5121627248807954
75,8,Low,separate_stage2_beta,513.7062844380777,518.9171685740462,-5.210884135968513
76,24,High,separate_stage2_beta,436.7082876254407,442.0055882712923,-5.297300645851635
77,38,High,separate_stage2_beta,493.30074301103156,492.53461636255247,0.7661266484790872
78,5,Low,separate_stage2_beta,345.0213345319104,330.4235284316076,14.597806100302762
79,34,High,separate_stage2_beta,507.7261909526709,512.5482952476781,-4.822104295007193
80,9,Low,separate_stage2_beta,508.4223589157186,513.6008220884602,-5.178463172741601
81,8,Low,separate_stage2_beta,493.223256503132,468.1000345916099,25.12322191152208
82,6,Low,separate_stage2_beta,504.98197162970706,505.8457167176509,-0.863745087943812
83,22,High,separate_stage2_beta,534.034163289051,516.0495308253809,17.984632463670096
84,23,High,separate_stage2_beta,386.6526469134294,377.38173975326544,9.270907160163972
85,15,Medium,separate_stage2_beta,396.4536417313451,398.5434072604765,-2.089765529131398
86,10,Medium,separate_stage2_beta,500.18593405176125,504.8192992479193,-4.6333651961580244
87,9,Low,separate_stage2_beta,426.0077165988269,430.21608286684767,-4.208366268020768
88,22,High,separate_stage2_beta,478.82908514640036,427.8268162714618,51.00226887493858
89,10,Medium,separate_stage2_beta,540.5410889055739,545.8295542979275,-5.288465392353601
90,2,Low,separate_stage2_beta,502.34177812237334,490.44093180841526,11.900846313958084
91,14,Medium,separate_stage2_beta,500.2419945995371,504.1629056253088,-3.920911025771659
92,28,High,separate_stage2_beta,497.6705608094208,525.4302982388135,-27.759737429392715
93,10,Medium,separate_stage2_beta,518.9135031813294,511.64092723713577,7.272575944193591
94,13,Medium,separate_stage2_beta,534.2535524739801,506.6113492454102,27.642203228569883
95,7,Low,separate_stage2_beta,503.13721107717873,507.93980601461107,-4.802594937432332
96,11,Medium,separate_stage2_beta,382.8321662489237,387.30103469616546,-4.468868447241732
97,4,Low,separate_stage2_beta,556.7966128567331,562.0949302232812,-5.298317366548076
98,13,Medium,separate_stage2_beta,431.8268568719677,434.1466810946936,-2.319824222725856
99,31,High,separate_stage2_beta,527.7575090938724,526.9445428596774,0.8129662341949597
100,8,Low,separate_stage2_beta,496.53583496340434,498.88415830749744,-2.348323344093103
101,20,High,separate_stage2_beta,527.9357863065195,521.8646978091923,6.071088497327196
102,7,Low,separate_stage2_beta,343.2752525303871,326.50199468097946,16.773257849407628
103,38,High,separate_stage2_beta,371.9885043946891,371.160910624285,0.8275937704040643
104,10,Medium,separate_stage2_beta,457.30370016671156,462.29758315780464,-4.9938829910930735
105,8,Low,separate_stage2_beta,551.463533928406,556.6521338660139,-5.188599937607819
106,19,High,separate_stage2_beta,452.8290214560761,444.4475360986989,8.381485357377187
107,10,Medium,separate_stage2_beta,503.3873377620501,456.8630836630893,46.524254098960796
108,17,Medium,separate_stage2_beta,554.9147142936354,559.8547379645413,-4.94002367090593
109,52,High,separate_stage2_beta,549.6447731076936,530.9800698304773,18.66470327721629
110,12,Medium,separate_stage2_beta,543.3894681185491,566.253813305441,-22.86434518689191
111,36,High,separate_stage2_beta,491.98487080506465,495.10222249831844,-3.117351693253795
112,13,Medium,separate_stage2_beta,500.7569806361493,501.35901421282523,-0.6020335766759217
113,32,High,separate_stage2_beta,452.09287035867095,447.31780960813927,4.775060750531679
114,9,Low,separate_stage2_beta,490.4092301902283,494.79669694629473,-4.387466756066431
115,13,Medium,separate_stage2_beta,499.42083605153806,442.482704319361,56.938131732177055
116,23,High,separate_stage2_beta,477.18558962751905,463.7182579777613,13.467331649757739
117,34,High,separate_stage2_beta,498.38851986371293,503.5987978158279,-5.21027795211495
118,9,Low,separate_stage2_beta,524.2427457722627,529.523095675145,-5.280349902882335
119,21,High,separate_stage2_beta,468.9321557087625,462.62343623546195,6.308719473300528
120,5,Low,separate_stage2_beta,506.9060789149547,510.0727897777983,-3.1667108628435585
121,15,Medium,separate_stage2_beta,491.3290720096266,493.3327573847441,-2.003685375117527
122,18,Medium,separate_stage2_beta,463.53665749481627,454.2611801820765,9.275477312739781
123,3,Low,separate_stage2_beta,474.6212245583926,478.5151096506117,-3.8938850922190795
124,30,High,separate_stage2_beta,465.7368275514324,443.8424482338866,21.89437931754577
125,42,High,separate_stage2_beta,561.3756554059855,564.7229621152809,-3.347306709295367
126,14,Medium,separate_stage2_beta,424.8741891894545,430.1554078523713,-5.281218662916785
127,21,High,separate_stage2_beta,513.0851062033057,505.1074593668868,7.977646836418899
128,9,Low,separate_stage2_beta,426.52582118339177,422.1152300301954,4.410591153196378
129,7,Low,separate_stage2_beta,477.50374136447385,482.31465236336163,-4.810910998887778
130,4,Low,separate_stage2_beta,398.7184713838577,403.1802384799035,-4.461767096045776
131,11,Medium,separate_stage2_beta,538.9614591818611,539.6385285750218,-0.6770693931607639
132,3,Low,separate_stage2_beta,483.5022236515379,459.4663631909446,24.035860460593312
133,4,Low,separate_stage2_beta,546.4149066613379,509.500790558413,36.914116102924936
134,6,Low,separate_stage2_beta,515.99227931272,521.0318275525984,-5.0395482398784
135,13,Medium,separate_stage2_beta,488.27091333104516,483.1703477657024,5.100565565342777
136,16,Medium,separate_stage2_beta,433.905235859925,432.49280899890016,1.4124268610248691
137,27,High,separate_stage2_beta,503.2465856988118,503.432834418999,-0.18624872018716587
138,21,High,separate_stage2_beta,402.27364757709773,376.33939927606804,25.934248301029697
139,8,Low,separate_stage2_beta,500.3511573769593,466.9395676010566,33.41158977590271
140,17,Medium,separate_stage2_beta,407.0475437552921,404.61861485940267,2.4289288958894417
141,7,Low,separate_stage2_beta,436.08564273204877,435.2113835242113,0.87425920783744
142,14,Medium,separate_stage2_beta,318.571242054234,323.8103921827209,-5.23915012848687
143,4,Low,separate_stage2_beta,464.7170382745055,459.8382731215082,4.878765152997289
144,18,Medium,separate_stage2_beta,491.5567544682888,485.1695658950268,6.387188573261994
145,18,Medium,separate_stage2_beta,410.23236678667496,414.7349855341266,-4.502618747451663
146,22,High,separate_stage2_beta,511.30229438444593,516.2566497643212,-4.954355379875267
147,18,Medium,separate_stage2_beta,515.6387635913798,520.7466566265364,-5.107893035156621
148,19,High,separate_stage2_beta,449.97301600022814,432.1852942904366,17.787721709791526
149,21,High,separate_stage2_beta,455.65029099558234,456.70151818546225,-1.05122718987991
0,23,High,motor_chunking_bias,394.69002401574505,398.1594405651133,-3.4694165493682476
1,11,Medium,motor_chunking_bias,507.3437557895143,512.4238192480689,-5.080063458554548
2,30,High,motor_chunking_bias,500.0378235007715,505.0708657765612,-5.0330422757897395
3,37,High,motor_chunking_bias,427.50000747457807,428.57083427896646,-1.070826804388389
4,22,High,motor_chunking_bias,526.705444335216,483.75989273136304,42.945551603853005
5,8,Low,motor_chunking_bias,556.177972218536,559.667325000831,-3.4893527822951
6,54,High,motor_chunking_bias,342.8820638416101,340.7279283140974,2.154135527512665
7,34,High,motor_chunking_bias,547.3614425838853,545.2633630733422,2.098079510543016
8,45,High,motor_chunking_bias,518.7714238766288,524.0680409347867,-5.296617058157949
9,22,High,motor_chunking_bias,498.51071641499254,503.1607543657381,-4.6500379507455705
10,12,Medium,motor_chunking_bias,510.56038996354596,510.8289090612148,-0.2685190976688432
11,9,Low,motor_chunking_bias,556.6585435658869,305.5186658407974,251.13987772508955
12,34,High,motor_chunking_bias,476.3330117454608,477.20976431399953,-0.8767525685387341
13,12,Medium,motor_chunking_bias,476.39079701300983,481.6888425615748,-5.298045548564971
14,26,High,motor_chunking_bias,505.42524685955283,510.47555127341974,-5.050304413866911
15,16,Medium,motor_chunking_bias,532.3343622192136,537.6324496309331,-5.298087411719507
16,7,Low,motor_chunking_bias,464.4142109610313,469.5638836506975,-5.149672689666204
17,31,High,motor_chunking_bias,547.5253027297616,552.2924032476715,-4.767100517909853
18,18,Medium,motor_chunking_bias,504.5464868290375,506.09600825766574,-1.5495214286282248
19,12,Medium,motor_chunking_bias,521.7773432681328,531.0413079237791,-9.263964655646305
20,8,Low,motor_chunking_bias,549.0220715887646,554.1685547173349,-5.146483128570367
21,43,High,motor_chunking_bias,522.3604810475721,311.64748352914097,210.7129975184311
22,28,High,motor_chunking_bias,537.1838300842356,538.1864064338731,-1.0025763496374793
23,18,Medium,motor_chunking_bias,507.8378047556364,509.67234926432036,-1.8345445086839618
24,1,Low,motor_chunking_bias,468.35429360711515,469.6113434569672,-1.2570498498520237
25,10,Medium,motor_chunking_bias,528.2706370701143,529.6574174049758,-1.3867803348615553
26,16,Medium,motor_chunking_bias,501.2475576812067,506.20033334319686,-4.952775661990188
27,36,High,motor_chunking_bias,478.3221080002702,483.4875926803419,-5.1654846800717
28,37,High,motor_chunking_bias,460.1620755841282,463.5198253982946,-3.357749814166368
29,7,Low,motor_chunking_bias,443.0139609328264,447.53660518357066,-4.522644250744236
30,5,Low,motor_chunking_bias,520.070113553894,525.3311930497434,-5.261079495849458
31,1,Low,motor_chunking_bias,497.8686875451803,496.3790373380605,1.4896502071197801
32,7,Low,motor_chunking_bias,535.5532338392533,540.7050132431381,-5.151779403884802
33,1,Low,motor_chunking_bias,415.85812221672376,418.25468942106033,-2.396567204336577
34,5,Low,motor_chunking_bias,520.4789992191611,525.3860036950904,-4.907004475929284
35,13,Medium,motor_chunking_bias,470.7447630198508,268.3379330871983,202.4068299326525
36,14,Medium,motor_chunking_bias,523.1691057545981,528.4603056092205,-5.291199854622391
37,18,Medium,motor_chunking_bias,513.5837745561458,513.2350842105268,0.34869034561904755
38,15,Medium,motor_chunking_bias,499.3817083459795,501.7991364794327,-2.4174281334531997
39,1,Low,motor_chunking_bias,404.9756237629317,408.47367279321236,-3.49804903028064
40,26,High,motor_chunking_bias,494.7485348044421,498.1020174797649,-3.353482675322823
41,18,Medium,motor_chunking_bias,462.43395018158526,467.51827287341035,-5.084322691825093
42,7,Low,motor_chunking_bias,428.26186052352506,432.33086691044144,-4.069006386916385
43,18,Medium,motor_chunking_bias,495.3485742341742,500.4228166756931,-5.0742424415189475
44,10,Medium,motor_chunking_bias,417.11205494004344,421.3241082594095,-4.212053319366078
45,2,Low,motor_chunking_bias,455.4212812669507,458.7089046154649,-3.2876233485142166
46,14,Medium,motor_chunking_bias,507.62974592490394,525.891921958866,-18.26217603396202
47,2,Low,motor_chunking_bias,494.18629806878766,497.1651377334408,-2.978839664653151
48,8,Low,motor_chunking_bias,476.8474316165261,482.1251146756467,-5.277683059120648
49,8,Low,motor_chunking_bias,536.6557085813652,532.612572061002,4.043136520363191
50,28,High,motor_chunking_bias,461.46948420161715,466.6871450137705,-5.217660812153326
51,12,Medium,motor_chunking_bias,408.95066417800786,412.91147061734495,-3.960806439337091
52,11,Medium,motor_chunking_bias,505.7835673125064,504.5937270716633,1.1898402408431252
53,26,High,motor_chunking_bias,508.4213204313675,513.0272688290518,-4.605948397684244
54,22,High,motor_chunking_bias,466.44948354053804,465.5875564345808,0.8619271059572498
55,13,Medium,motor_chunking_bias,468.24016907398203,472.41104176623315,-4.170872692251123
56,8,Low,motor_chunking_bias,395.6738351113202,384.918948521511,10.754886589809189
57,9,Low,motor_chunking_bias,528.057924821279,477.3031739993237,50.75475082195533
58,3,Low,motor_chunking_bias,540.1839392853743,549.696673313457,-9.512734028082718
59,21,High,motor_chunking_bias,410.0684536964898,415.3570438561743,-5.288590159684475
60,4,Low,motor_chunking_bias,546.0317413255011,549.434949157481,-3.4032078319798984
61,17,Medium,motor_chunking_bias,494.49846264384996,497.0883117175762,-2.5898490737262136
62,30,High,motor_chunking_bias,285.6730430954457,269.15465174825124,16.518391347194438
63,23,High,motor_chunking_bias,517.6166351202978,505.8474827792055,11.769152341092308
64,13,Medium,motor_chunking_bias,527.4555236565693,531.6728424276185,-4.217318771049236
65,6,Low,motor_chunking_bias,559.569201578173,553.1700455269498,6.3991560512231445
66,13,Medium,motor_chunking_bias,522.2654660932385,526.7248225527388,-4.459356459500327
67,15,Medium,motor_chunking_bias,517.483988678761,522.7512628108685,-5.267274132107559
68,28,High,motor_chunking_bias,364.6318809511943,354.36299443721623,10.268886513978089
69,37,High,motor_chunking_bias,435.1059833362058,434.6023856557977,0.5035976804080633
70,4,Low,motor_chunking_bias,401.4913751114793,402.61993917099426,-1.1285640595149857
71,7,Low,motor_chunking_bias,409.912864877297,412.6799818043145,-2.7671169270174687
72,7,Low,motor_chunking_bias,379.8383722813763,384.5129178439141,-4.674545562537844
73,26,High,motor_chunking_bias,500.9499726072388,505.00005811702033,-4.050085509781525
74,17,Medium,motor_chunking_bias,406.9189964216758,411.15211761933443,-4.233121197658647
75,8,Low,motor_chunking_bias,513.7062844380777,518.9959108687068,-5.289626430629141
76,24,High,motor_chunking_bias,436.7082876254407,441.9487633352389,-5.240475709798204
77,38,High,motor_chunking_bias,493.30074301103156,429.78536027591446,63.5153827351171
78,5,Low,motor_chunking_bias,345.0213345319104,350.1508638720344,-5.129529340124009
79,34,High,motor_chunking_bias,507.7261909526709,511.8824170606978,-4.156226108026885
80,9,Low,motor_chunking_bias,508.4223589157186,513.7090249967725,-5.286666081053966
81,8,Low,motor_chunking_bias,493.223256503132,495.62802389791483,-2.404767394782823
82,6,Low,motor_chunking_bias,504.98197162970706,503.6205387704516,1.3614328592554443
83,22,High,motor_chunking_bias,534.034163289051,537.8136453047822,-3.779482015731219
84,23,High,motor_chunking_bias,386.6526469134294,391.82148864849313,-5.168841735063722
85,15,Medium,motor_chunking_bias,396.4536417313451,401.0436094267408,-4.589967695395671
86,10,Medium,motor_chunking_bias,500.18593405176125,505.40510794015694,-5.219173888395687
87,9,Low,motor_chunking_bias,426.0077165988269,428.53071800275507,-2.5230014039281627
88,22,High,motor_chunking_bias,478.82908514640036,519.0085295377282,-40.17944439132788
89,10,Medium,motor_chunking_bias,540.5410889055739,545.217042083992,-4.675953178418126
90,2,Low,motor_chunking_bias,502.34177812237334,507.53001239381143,-5.188234271438091
91,14,Medium,motor_chunking_bias,500.2419945995371,500.90510174442556,-0.6631071448884427
92,28,High,motor_chunking_bias,497.6705608094208,499.14433607794183,-1.473775268521024
93,10,Medium,motor_chunking_bias,518.9135031813294,522.7397136409014,-3.826210459572053
94,13,Medium,motor_chunking_bias,534.2535524739801,525.0325875221339,9.220964951846213
95,7,Low,motor_chunking_bias,503.13721107717873,488.5209542813731,14.616256795805612
96,11,Medium,motor_chunking_bias,382.8321662489237,387.83604533436363,-5.003879085439905
97,4,Low,motor_chunking_bias,556.7966128567331,519.1776747712927,37.61893808544039
98,13,Medium,motor_chunking_bias,431.8268568719677,434.7205283189615,-2.8936714469937783
99,31,High,motor_chunking_bias,527.7575090938724,532.1859096863599,-4.428400592487492
100,8,Low,motor_chunking_bias,496.53583496340434,500.47977382777185,-3.94393886436751
101,20,High,motor_chunking_bias,527.9357863065195,530.4919225499154,-2.5561362433959403
102,7,Low,motor_chunking_bias,343.2752525303871,348.30971047881263,-5.0344579484255405
103,38,High,motor_chunking_bias,371.9885043946891,377.28580223616626,-5.297297841477189
104,10,Medium,motor_chunking_bias,457.30370016671156,460.50795403253323,-3.20425386582167
105,8,Low,motor_chunking_bias,551.463533928406,548.8556503635117,2.607883564894337
106,19,High,motor_chunking_bias,452.8290214560761,424.0239442790809,28.805077176995155
107,10,Medium,motor_chunking_bias,503.3873377620501,505.6725529576869,-2.2852151956367948
108,17,Medium,motor_chunking_bias,554.9147142936354,558.379231474058,-3.464517180422604
109,52,High,motor_chunking_bias,549.6447731076936,557.2042738906506,-7.559500782957002
110,12,Medium,motor_chunking_bias,543.3894681185491,548.3642073892199,-4.974739270670852
111,36,High,motor_chunking_bias,491.98487080506465,495.23929561612175,-3.254424811057106
112,13,Medium,motor_chunking_bias,500.7569806361493,504.60119890960857,-3.844218273459262
113,32,High,motor_chunking_bias,452.09287035867095,417.6328755920698,34.45999476660114
114,9,Low,motor_chunking_bias,490.4092301902283,495.154749668544,-4.745519478315714
115,13,Medium,motor_chunking_bias,499.42083605153806,496.4767162963175,2.9441197552205836
116,23,High,motor_chunking_bias,477.18558962751905,475.8951114388277,1.2904781886913383
117,34,High,motor_chunking_bias,498.38851986371293,500.9980867799303,-2.609566916217375
118,9,Low,motor_chunking_bias,524.2427457722627,526.1929387544149,-1.9501929821522026
119,21,High,motor_chunking_bias,468.9321557087625,472.06630030083744,-3.1341445920749607
120,5,Low,motor_chunking_bias,506.9060789149547,509.53815528233383,-2.6320763673791134
121,15,Medium,motor_chunking_bias,491.3290720096266,495.9267335247534,-4.597661515126788
122,18,Medium,motor_chunking_bias,463.53665749481627,467.2029311003421,-3.6662736055258165
123,3,Low,motor_chunking_bias,474.6212245583926,479.56578261801195,-4.9445580596193395
124,30,High,motor_chunking_bias,465.7368275514324,471.018442417774,-5.281614866341613
125,42,High,motor_chunking_bias,561.3756554059855,566.2522421247564,-4.876586718770909
126,14,Medium,motor_chunking_bias,424.8741891894545,428.6822246223077,-3.80803543285316
127,21,High,motor_chunking_bias,513.0851062033057,515.7425567091459,-2.6574505058401883
128,9,Low,motor_chunking_bias,426.52582118339177,423.516730086813,3.009091096578743
129,7,Low,motor_chunking_bias,477.50374136447385,482.50608412606056,-5.0023427615867035
130,4,Low,motor_chunking_bias,398.7184713838577,403.1436002600243,-4.425128876166582
131,11,Medium,motor_chunking_bias,538.9614591818611,526.9144144580315,12.047044723829572
132,3,Low,motor_chunking_bias,483.5022236515379,465.91368918492924,17.588534466608678
133,4,Low,motor_chunking_bias,546.4149066613379,544.2041860777797,2.2107205835582135
134,6,Low,motor_chunking_bias,515.99227931272,519.4799898492431,-3.487710536523082
135,13,Medium,motor_chunking_bias,488.27091333104516,481.7816255640744,6.48928776697079
136,16,Medium,motor_chunking_bias,433.905235859925,433.1884780049738,0.7167578549512541
137,27,High,motor_chunking_bias,503.2465856988118,498.6966012458071,4.549984453004754
138,21,High,motor_chunking_bias,402.27364757709773,405.1925852906894,-2.9189377135916743
139,8,Low,motor_chunking_bias,500.3511573769593,497.3706881455602,2.98046923139907
140,17,Medium,motor_chunking_bias,407.0475437552921,411.5045267188155,-4.456982963523387
141,7,Low,motor_chunking_bias,436.08564273204877,440.2031827345008,-4.117540002452017
142,14,Medium,motor_chunking_bias,318.571242054234,323.4805100876038,-4.909268033369813
143,4,Low,motor_chunking_bias,464.7170382745055,465.42682190965286,-0.7097836351473461
144,18,Medium,motor_chunking_bias,491.5567544682888,479.3408330934167,12.215921374872096
145,18,Medium,motor_chunking_bias,410.23236678667496,414.929583432958,-4.697216646283039
146,22,High,motor_chunking_bias,511.30229438444593,506.08882124578963,5.213473138656298
147,18,Medium,motor_chunking_bias,515.6387635913798,517.0984598953353,-1.4596963039555249
148,19,High,motor_chunking_bias,449.97301600022814,454.58727942696873,-4.614263426740592
149,21,High,motor_chunking_bias,455.65029099558234,409.57474333416343,46.07554766141891
0,23,High,direct_mf_update,394.69002401574505,394.6900240157457,-6.252776074688882e-13
1,11,Medium,direct_mf_update,507.3437557895143,507.3437557893839,1.3039880286669359e-10
2,30,High,direct_mf_update,500.0378235007715,500.0378235007798,-8.29913915367797e-12
3,37,High,direct_mf_update,427.50000747457807,427.5000074745774,6.821210263296962e-13
4,22,High,direct_mf_update,526.705444335216,526.7054443351788,3.728928277269006e-11
5,8,Low,direct_mf_update,556.177972218536,556.1779722185203,1.5688783605583012e-11
6,54,High,direct_mf_update,342.8820638416101,342.88206384159736,1.2732925824820995e-11
7,34,High,direct_mf_update,547.3614425838853,547.3614425582437,2.564161150075961e-08
8,45,High,direct_mf_update,518.7714238766288,518.7714238766305,-1.7053025658242404e-12
9,22,High,direct_mf_update,498.51071641499254,498.5107164149812,1.1368683772161603e-11
10,12,Medium,direct_mf_update,510.56038996354596,510.56038996350236,4.359890226623975e-11
11,9,Low,direct_mf_update,556.6585435658869,556.6585435670676,-1.1806378097389825e-09
12,34,High,direct_mf_update,476.3330117454608,476.33301174546295,-2.1600499167107046e-12
13,12,Medium,direct_mf_update,476.39079701300983,476.39079701301114,-1.3073986337985843e-12
14,26,High,direct_mf_update,505.42524685955283,505.4252468593151,2.377191776758991e-10
15,16,Medium,direct_mf_update,532.3343622192136,532.3343622192172,-3.524291969370097e-12
16,7,Low,direct_mf_update,464.4142109610313,464.41421096101635,1.4949819160392508e-11
17,31,High,direct_mf_update,547.5253027297616,547.5253027297566,5.002220859751105e-12
18,18,Medium,direct_mf_update,504.5464868290375,504.5464868290359,1.5916157281026244e-12
19,12,Medium,direct_mf_update,521.7773432681328,522.261694616857,-0.4843513487242035
20,8,Low,direct_mf_update,549.0220715887646,549.0220715887426,2.1941559680271894e-11
21,43,High,direct_mf_update,522.3604810475721,522.3604810436052,3.966874828620348e-09
22,28,High,direct_mf_update,537.1838300842356,537.1838300838683,3.673221726785414e-10
23,18,Medium,direct_mf_update,507.8378047556364,507.8378047556359,5.115907697472721e-13
24,1,Low,direct_mf_update,468.35429360711515,468.35429360711,5.172751116333529e-12
25,10,Medium,direct_mf_update,528.2706370701143,528.2706370700712,4.3087311496492475e-11
26,16,Medium,direct_mf_update,501.2475576812067,501.24755768116756,3.9108272176235914e-11
27,36,High,direct_mf_update,478.3221080002702,478.3221080002697,5.115907697472721e-13
28,37,High,direct_mf_update,460.1620755841282,460.1620755841194,8.810729923425242e-12
29,7,Low,direct_mf_update,443.0139609328264,443.0139609328099,1.6541434888495132e-11
30,5,Low,direct_mf_update,520.070113553894,520.0701135531074,7.865992301958613e-10
31,1,Low,direct_mf_update,497.8686875451803,497.868687545187,-6.707523425575346e-12
32,7,Low,direct_mf_update,535.5532338392533,535.5532338392636,-1.0345502232667059e-11
33,1,Low,direct_mf_update,415.85812221672376,415.85812221672376,0.0
34,5,Low,direct_mf_update,520.4789992191611,520.4789992208363,-1.6751755538280122e-09
35,13,Medium,direct_mf_update,470.7447630198508,470.7447630198503,4.547473508864641e-13
36,14,Medium,direct_mf_update,523.1691057545981,523.1691057545952,2.9558577807620168e-12
37,18,Medium,direct_mf_update,513.5837745561458,513.583774556148,-2.1600499167107046e-12
38,15,Medium,direct_mf_update,499.3817083459795,499.38170834597236,7.16227077646181e-12
39,1,Low,direct_mf_update,404.9756237629317,404.9756237629298,1.9326762412674725e-12
40,26,High,direct_mf_update,494.7485348044421,494.7485348707007,-6.625862170039909e-08
41,18,Medium,direct_mf_update,462.43395018158526,462.4339501815896,-4.320099833421409e-12
42,7,Low,direct_mf_update,428.26186052352506,428.26186052352307,1.9895196601282805e-12
43,18,Medium,direct_mf_update,495.3485742341742,495.3485742341717,2.5011104298755527e-12
44,10,Medium,direct_mf_update,417.11205494004344,417.11205494004093,2.5011104298755527e-12
45,2,Low,direct_mf_update,455.4212812669507,455.4212812669533,-2.6147972675971687e-12
46,14,Medium,direct_mf_update,507.62974592490394,507.62974592479765,1.0629719326971099e-10
47,2,Low,direct_mf_update,494.18629806878766,494.1862980687889,-1.2505552149377763e-12
48,8,Low,direct_mf_update,476.8474316165261,476.84743161652295,3.126388037344441e-12
49,8,Low,direct_mf_update,536.6557085813652,536.6557085813305,3.467448550509289e-11
50,28,High,direct_mf_update,461.46948420161715,461.469484201615,2.1600499167107046e-12
51,12,Medium,direct_mf_update,408.95066417800786,408.95066417799933,8.526512829121202e-12
52,11,Medium,direct_mf_update,505.7835673125064,505.7835673124976,8.810729923425242e-12
53,26,High,direct_mf_update,508.4213204313675,508.4213204313831,-1.5575096767861396e-11
54,22,High,direct_mf_update,466.44948354053804,466.44948354054645,-8.412825991399586e-12
55,13,Medium,direct_mf_update,468.24016907398203,468.2401690739795,2.5579538487363607e-12
56,8,Low,direct_mf_update,395.6738351113202,395.6738351113193,9.094947017729282e-13
57,9,Low,direct_mf_update,528.057924821279,528.0579248212724,6.59383658785373e-12
58,3,Low,direct_mf_update,540.1839392853743,540.1839392864001,-1.0257963367621414e-09
59,21,High,direct_mf_update,410.0684536964898,410.06845369646237,2.745537130977027e-11
60,4,Low,direct_mf_update,546.0317413255011,546.0317413254841,1.7053025658242404e-11
61,17,Medium,direct_mf_update,494.49846264384996,494.4984626438518,-1.8189894035458565e-12
62,30,High,direct_mf_update,285.6730430954457,285.67304309544954,-3.865352482534945e-12
63,23,High,direct_mf_update,517.6166351202978,517.6166351203125,-1.4665602066088468e-11
64,13,Medium,direct_mf_update,527.4555236565693,527.4555236565087,6.059508450562134e-11
65,6,Low,direct_mf_update,559.569201578173,559.569201578173,0.0
66,13,Medium,direct_mf_update,522.2654660932385,522.2654660932631,-2.4556356947869062e-11
67,15,Medium,direct_mf_update,517.483988678761,517.4839886787508,1.0118128557223827e-11
68,28,High,direct_mf_update,364.6318809511943,364.6318809511882,6.139089236967266e-12
69,37,High,direct_mf_update,435.1059833362058,435.1059833362056,1.7053025658242404e-13
70,4,Low,direct_mf_update,401.4913751114793,401.4913751114815,-2.2168933355715126e-12
71,7,Low,direct_mf_update,409.912864877297,409.9128648772633,3.370814738445915e-11
72,7,Low,direct_mf_update,379.8383722813763,379.8383722813755,7.958078640513122e-13
73,26,High,direct_mf_update,500.9499726072388,500.949972607229,9.833911462919787e-12
74,17,Medium,direct_mf_update,406.9189964216758,406.9189964216753,5.115907697472721e-13
75,8,Low,direct_mf_update,513.7062844380777,513.7062844380804,-2.7284841053187847e-12
76,24,High,direct_mf_update,436.7082876254407,436.7082876254415,-8.526512829121202e-13
77,38,High,direct_mf_update,493.30074301103156,493.3007430134125,-2.3809434424038045e-09
78,5,Low,direct_mf_update,345.0213345319104,345.0213345319117,-1.3073986337985843e-12
79,34,High,direct_mf_update,507.7261909526709,507.72619095267976,-8.86757334228605e-12
80,9,Low,direct_mf_update,508.4223589157186,508.42235891570294,1.5631940186722204e-11
81,8,Low,direct_mf_update,493.223256503132,493.2232565031172,1.4779288903810084e-11
82,6,Low,direct_mf_update,504.98197162970706,504.98197162970905,-1.9895196601282805e-12
83,22,High,direct_mf_update,534.034163289051,534.0341632889715,7.94670995674096e-11
84,23,High,direct_mf_update,386.6526469134294,386.6526469134322,-2.7853275241795927e-12
85,15,Medium,direct_mf_update,396.4536417313451,396.4536417313432,1.8758328224066645e-12
86,10,Medium,direct_mf_update,500.18593405176125,500.18593405176597,-4.718003765447065e-12
87,9,Low,direct_mf_update,426.0077165988269,426.0077165988295,-2.6147972675971687e-12
88,22,High,direct_mf_update,478.82908514640036,478.8290851463825,1.7848833522293717e-11
89,10,Medium,direct_mf_update,540.5410889055739,540.5410889054896,8.43556335894391e-11
90,2,Low,direct_mf_update,502.34177812237334,502.34177812236766,5.6843418860808015e-12
91,14,Medium,direct_mf_update,500.2419945995371,500.24199459954025,-3.126388037344441e-12
92,28,High,direct_mf_update,497.6705608094208,497.67056080951204,-9.123368727159686e-11
93,10,Medium,direct_mf_update,518.9135031813294,518.9135031813122,1.716671249596402e-11
94,13,Medium,direct_mf_update,534.2535524739801,534.2535524739766,3.524291969370097e-12
95,7,Low,direct_mf_update,503.13721107717873,503.1372110771801,-1.3642420526593924e-12
96,11,Medium,direct_mf_update,382.8321662489237,382.832166248924,-2.8421709430404007e-13
97,4,Low,direct_mf_update,556.7966128567331,556.7327614436966,0.06385141303644559
98,13,Medium,direct_mf_update,431.8268568719677,431.82685687196636,1.3642420526593924e-12
99,31,High,direct_mf_update,527.7575090938724,527.7575090938792,-6.821210263296962e-12
100,8,Low,direct_mf_update,496.53583496340434,496.5358349634118,-7.44648787076585e-12
101,20,High,direct_mf_update,527.9357863065195,527.9357863065188,6.821210263296962e-13
102,7,Low,direct_mf_update,343.2752525303871,343.27525253038283,4.263256414560601e-12
103,38,High,direct_mf_update,371.9885043946891,371.9885043947061,-1.7053025658242404e-11
104,10,Medium,direct_mf_update,457.30370016671156,457.30370016670526,6.30961949354969e-12
105,8,Low,direct_mf_update,551.463533928406,551.4635339286323,-2.262368070660159e-10
106,19,High,direct_mf_update,452.8290214560761,452.82902145604993,2.6147972675971687e-11
107,10,Medium,direct_mf_update,503.3873377620501,503.38733776203765,1.2448708730516955e-11
108,17,Medium,direct_mf_update,554.9147142936354,554.9147142942721,-6.367599780787714e-10
109,52,High,direct_mf_update,549.6447731076936,556.1866200789556,-6.541846971261975
110,12,Medium,direct_mf_update,543.3894681185491,543.38946811857,-2.091837814077735e-11
111,36,High,direct_mf_update,491.98487080506465,491.98487080505436,1.028865881380625e-11
112,13,Medium,direct_mf_update,500.7569806361493,500.7569808171706,-1.8102127796737477e-07
113,32,High,direct_mf_update,452.09287035867095,452.0928196125998,5.074607116739571e-05
114,9,Low,direct_mf_update,490.4092301902283,490.40923019023046,-2.1600499167107046e-12
115,13,Medium,direct_mf_update,499.42083605153806,492.89727899380307,6.52355705773499
116,23,High,direct_mf_update,477.18558962751905,477.1855896275221,-3.069544618483633e-12
117,34,High,direct_mf_update,498.38851986371293,498.3885198637145,-1.5916157281026244e-12
118,9,Low,direct_mf_update,524.2427457722627,524.242745772248,1.4665602066088468e-11
119,21,High,direct_mf_update,468.9321557087625,468.93215570870666,5.582023732131347e-11
120,5,Low,direct_mf_update,506.9060789149547,506.9060789149662,-1.1482370609883219e-11
121,15,Medium,direct_mf_update,491.3290720096266,491.32907200964615,-1.9554136088117957e-11
122,18,Medium,direct_mf_update,463.53665749481627,463.5366574948152,1.0800249583553523e-12
123,3,Low,direct_mf_update,474.6212245583926,474.6212245583933,-6.821210263296962e-13
124,30,High,direct_mf_update,465.7368275514324,465.7368275514359,-3.524291969370097e-12
125,42,High,direct_mf_update,561.3756554059855,561.375656086646,-6.806604915254866e-07
126,14,Medium,direct_mf_update,424.8741891894545,424.8741891894556,-1.0800249583553523e-12
127,21,High,direct_mf_update,513.0851062033057,513.085106203306,-3.410605131648481e-13
128,9,Low,direct_mf_update,426.52582118339177,426.5258211833931,-1.3073986337985843e-12
129,7,Low,direct_mf_update,477.50374136447385,477.5037413645238,-4.9965365178650245e-11
130,4,Low,direct_mf_update,398.7184713838577,398.71847138386573,-8.01492205937393e-12
131,11,Medium,direct_mf_update,538.9614591818611,538.9614591818122,4.888534022029489e-11
132,3,Low,direct_mf_update,483.5022236515379,483.50222365154565,-7.73070496506989e-12
133,4,Low,direct_mf_update,546.4149066613379,551.4400774983537,-5.025170837015821
134,6,Low,direct_mf_update,515.99227931272,515.9922793127193,6.821210263296962e-13
135,13,Medium,direct_mf_update,488.27091333104516,488.27091333104016,5.002220859751105e-12
136,16,Medium,direct_mf_update,433.905235859925,433.90523585993986,-1.4836132322670892e-11
137,27,High,direct_mf_update,503.2465856988118,498.485397846499,4.761187852312844
138,21,High,direct_mf_update,402.27364757709773,402.27365637975146,-8.802653724160336e-06
139,8,Low,direct_mf_update,500.3511573769593,500.35115737695867,6.252776074688882e-13
140,17,Medium,direct_mf_update,407.0475437552921,407.04754375530285,-1.0743406164692715e-11
141,7,Low,direct_mf_update,436.08564273204877,436.0856427320497,-9.094947017729282e-13
142,14,Medium,direct_mf_update,318.571242054234,318.5712420542341,-1.1368683772161603e-13
143,4,Low,direct_mf_update,464.7170382745055,464.7170382745247,-1.921307557495311e-11
144,18,Medium,direct_mf_update,491.5567544682888,491.5567544682916,-2.8421709430404007e-12
145,18,Medium,direct_mf_update,410.23236678667496,410.232366786695,-2.006572685786523e-11
146,22,High,direct_mf_update,511.30229438444593,511.3022943844213,2.461320036672987e-11
147,18,Medium,direct_mf_update,515.6387635913798,515.6387635914217,-4.1950443119276315e-11
148,19,High,direct_mf_update,449.97301600022814,449.97301600023343,-5.286437954055145e-12
149,21,High,direct_mf_update,455.65029099558234,455.6502909955782,4.149569576838985e-12
0,23,High,asymmetric_direct_mf_update,394.69002401574505,404.32176487307646,-9.631740857331408
1,11,Medium,asymmetric_direct_mf_update,507.3437557895143,517.940390522498,-10.59663473298366
2,30,High,asymmetric_direct_mf_update,500.0378235007715,507.7231882323759,-7.685364731604409
3,37,High,asymmetric_direct_mf_update,427.50000747457807,432.51370585790727,-5.013698383329199
4,22,High,asymmetric_direct_mf_update,526.705444335216,535.2637165772061,-8.55827224199004
5,8,Low,asymmetric_direct_mf_update,556.177972218536,566.7746069516311,-10.59663473309513
6,54,High,asymmetric_direct_mf_update,342.8820638416101,351.60774682693767,-8.72568298532758
7,34,High,asymmetric_direct_mf_update,547.3614425838853,557.8829204960663,-10.521477912181012
8,45,High,asymmetric_direct_mf_update,518.7714238766288,526.8436521511578,-8.072228274529039
9,22,High,asymmetric_direct_mf_update,498.51071641499254,508.89464715593556,-10.383930740943015
10,12,Medium,asymmetric_direct_mf_update,510.56038996354596,520.2296450369973,-9.669255073451382
11,9,Low,asymmetric_direct_mf_update,556.6585435658869,551.5514324233991,5.107111142487838
12,34,High,asymmetric_direct_mf_update,476.3330117454608,485.5394049029945,-9.206393157533682
13,12,Medium,asymmetric_direct_mf_update,476.39079701300983,462.0648430354061,14.325953977603717
14,26,High,asymmetric_direct_mf_update,505.42524685955283,514.5986080303677,-9.173361170814871
15,16,Medium,asymmetric_direct_mf_update,532.3343622192136,542.9309969523583,-10.596634733144697
16,7,Low,asymmetric_direct_mf_update,464.4142109610313,442.7281707706154,21.686040190415895
17,31,High,asymmetric_direct_mf_update,547.5253027297616,557.5452499906136,-10.01994726085195
18,18,Medium,asymmetric_direct_mf_update,504.5464868290375,512.5910007584697,-8.044513929432185
19,12,Medium,asymmetric_direct_mf_update,521.7773432681328,530.9471508586034,-9.169807590470668
20,8,Low,asymmetric_direct_mf_update,549.0220715887646,559.4795923170577,-10.457520728293161
21,43,High,asymmetric_direct_mf_update,522.3604810475721,512.1614265203335,10.199054527238559
22,28,High,asymmetric_direct_mf_update,537.1838300842356,542.801113896696,-5.617283812460414
23,18,Medium,asymmetric_direct_mf_update,507.8378047556364,517.1730426004186,-9.335237844782228
24,1,Low,asymmetric_direct_mf_update,468.35429360711515,477.2156260543324,-8.86133244721725
25,10,Medium,asymmetric_direct_mf_update,528.2706370701143,537.401986186344,-9.131349116229671
26,16,Medium,asymmetric_direct_mf_update,501.2475576812067,511.8408921617309,-10.59333448052422
27,36,High,asymmetric_direct_mf_update,478.3221080002702,484.6319295689782,-6.309821568708003
28,37,High,asymmetric_direct_mf_update,460.1620755841282,464.97502472747163,-4.812949143343417
29,7,Low,asymmetric_direct_mf_update,443.0139609328264,451.62059509647287,-8.606634163646447
30,5,Low,asymmetric_direct_mf_update,520.070113553894,527.5838227064771,-7.5137091525831465
31,1,Low,asymmetric_direct_mf_update,497.8686875451803,507.24674281018184,-9.378055265001535
32,7,Low,asymmetric_direct_mf_update,535.5532338392533,546.0212232520673,-10.467989412814063
33,1,Low,asymmetric_direct_mf_update,415.85812221672376,424.8603898140283,-9.002267597304524
34,5,Low,asymmetric_direct_mf_update,520.4789992191611,529.5859538032797,-9.106954584118625
35,13,Medium,asymmetric_direct_mf_update,470.7447630198508,479.20860966145136,-8.463846641600583
36,14,Medium,asymmetric_direct_mf_update,523.1691057545981,531.3032789909948,-8.134173236396691
37,18,Medium,asymmetric_direct_mf_update,513.5837745561458,523.9784586217976,-10.394684065651745
38,15,Medium,asymmetric_direct_mf_update,499.3817083459795,501.07385302582304,-1.6921446798435227
39,1,Low,asymmetric_direct_mf_update,404.9756237629317,413.8749239449368,-8.899300182005106
40,26,High,asymmetric_direct_mf_update,494.7485348044421,504.9566607597961,-10.208125955353978
41,18,Medium,asymmetric_direct_mf_update,462.43395018158526,465.42227480531324,-2.9883246237279764
42,7,Low,asymmetric_direct_mf_update,428.26186052352506,421.7775389578611,6.484321565663947
43,18,Medium,asymmetric_direct_mf_update,495.3485742341742,493.73746777744697,1.6111064567272138
44,10,Medium,asymmetric_direct_mf_update,417.11205494004344,421.59757338218424,-4.485518442140801
45,2,Low,asymmetric_direct_mf_update,455.4212812669507,442.2486676739251,13.172613593025574
46,14,Medium,asymmetric_direct_mf_update,507.62974592490394,513.2995031229214,-5.6697571980174075
47,2,Low,asymmetric_direct_mf_update,494.18629806878766,495.8544379924841,-1.668139923696458
48,8,Low,asymmetric_direct_mf_update,476.8474316165261,473.068832233098,3.778599383428059
49,8,Low,asymmetric_direct_mf_update,536.6557085813652,545.2154922516748,-8.559783670309685
50,28,High,asymmetric_direct_mf_update,461.46948420161715,454.8231902971676,6.6462939044495215
51,12,Medium,asymmetric_direct_mf_update,408.95066417800786,402.90436076768157,6.0463034103262885
52,11,Medium,asymmetric_direct_mf_update,505.7835673125064,512.1612486372627,-6.377681324756281
53,26,High,asymmetric_direct_mf_update,508.4213204313675,519.0179551644632,-10.596634733095641
54,22,High,asymmetric_direct_mf_update,466.44948354053804,471.65205382419765,-5.202570283659611
55,13,Medium,asymmetric_direct_mf_update,468.24016907398203,478.8287890775016,-10.588620003519566
56,8,Low,asymmetric_direct_mf_update,395.6738351113202,384.9804024953303,10.693432615989934
57,9,Low,asymmetric_direct_mf_update,528.057924821279,531.5274854200279,-3.469560598748899
58,3,Low,asymmetric_direct_mf_update,540.1839392853743,553.6086180020839,-13.424678716709536
59,21,High,asymmetric_direct_mf_update,410.0684536964898,412.37115686509924,-2.302703168609412
60,4,Low,asymmetric_direct_mf_update,546.0317413255011,553.8518983847295,-7.820157059228336
61,17,Medium,asymmetric_direct_mf_update,494.49846264384996,505.0900572617733,-10.591594617923363
62,30,High,asymmetric_direct_mf_update,285.6730430954457,250.27116509318896,35.40187800225672
63,23,High,asymmetric_direct_mf_update,517.6166351202978,515.874362274744,1.7422728455537708
64,13,Medium,asymmetric_direct_mf_update,527.4555236565693,534.788384409912,-7.332860753342743
65,6,Low,asymmetric_direct_mf_update,559.569201578173,558.1710792113192,1.3981223668537268
66,13,Medium,asymmetric_direct_mf_update,522.2654660932385,524.219434841142,-1.9539687479034455
67,15,Medium,asymmetric_direct_mf_update,517.483988678761,527.6276497507264,-10.143661071965425
68,28,High,asymmetric_direct_mf_update,364.6318809511943,359.7931113030546,4.838769648139703
69,37,High,asymmetric_direct_mf_update,435.1059833362058,445.19118777205813,-10.085204435852347
70,4,Low,asymmetric_direct_mf_update,401.4913751114793,412.0880098445822,-10.596634733102917
71,7,Low,asymmetric_direct_mf_update,409.912864877297,417.4772812851835,-7.564416407886483
72,7,Low,asymmetric_direct_mf_update,379.8383722813763,367.66769952763855,12.170672753737733
73,26,High,asymmetric_direct_mf_update,500.9499726072388,509.61995808707456,-8.66998547983576
74,17,Medium,asymmetric_direct_mf_update,406.9189964216758,399.56984347672767,7.349152944948116
75,8,Low,asymmetric_direct_mf_update,513.7062844380777,523.783695625908,-10.077411187830307
76,24,High,asymmetric_direct_mf_update,436.7082876254407,445.07025324152295,-8.361965616082273
77,38,High,asymmetric_direct_mf_update,493.30074301103156,491.48257838533664,1.8181646256949193
78,5,Low,asymmetric_direct_mf_update,345.0213345319104,337.80869836330135,7.212636168609038
79,34,High,asymmetric_direct_mf_update,507.7261909526709,517.895632975972,-10.169442023301144
80,9,Low,asymmetric_direct_mf_update,508.4223589157186,514.4640594176993,-6.041700501980756
81,8,Low,asymmetric_direct_mf_update,493.223256503132,479.82017139946265,13.403085103669355
82,6,Low,asymmetric_direct_mf_update,504.98197162970706,515.0168152108911,-10.03484358118402
83,22,High,asymmetric_direct_mf_update,534.034163289051,525.9628766560477,8.071286633003297
84,23,High,asymmetric_direct_mf_update,386.6526469134294,376.8841078595138,9.768539053915617
85,15,Medium,asymmetric_direct_mf_update,396.4536417313451,401.74006580313653,-5.28642407179143
86,10,Medium,asymmetric_direct_mf_update,500.18593405176125,509.81356658694136,-9.627632535180112
87,9,Low,asymmetric_direct_mf_update,426.0077165988269,434.4438098150322,-8.436093216205279
88,22,High,asymmetric_direct_mf_update,478.82908514640036,489.10044425667655,-10.271359110276194
89,10,Medium,asymmetric_direct_mf_update,540.5410889055739,549.3279360598831,-8.786847154309157
90,2,Low,asymmetric_direct_mf_update,502.34177812237334,508.54181935967415,-6.200041237300809
91,14,Medium,asymmetric_direct_mf_update,500.2419945995371,509.7809402290442,-9.538945629507054
92,28,High,asymmetric_direct_mf_update,497.6705608094208,513.5226204529674,-15.852059643546625
93,10,Medium,asymmetric_direct_mf_update,518.9135031813294,522.0490204335331,-3.1355172522037265
94,13,Medium,asymmetric_direct_mf_update,534.2535524739801,542.514437326972,-8.260884852991921
95,7,Low,asymmetric_direct_mf_update,503.13721107717873,513.7153478900785,-10.5781368128998
96,11,Medium,asymmetric_direct_mf_update,382.8321662489237,388.9893998574366,-6.157233608512854
97,4,Low,asymmetric_direct_mf_update,556.7966128567331,567.2917212751925,-10.495108418459381
98,13,Medium,asymmetric_direct_mf_update,431.8268568719677,438.3408510031057,-6.513994131137963
99,31,High,asymmetric_direct_mf_update,527.7575090938724,537.2714746352724,-9.513965541400012
100,8,Low,asymmetric_direct_mf_update,496.53583496340434,499.83662366871806,-3.300788705313721
101,20,High,asymmetric_direct_mf_update,527.9357863065195,535.9666302931148,-8.0308439865953
102,7,Low,asymmetric_direct_mf_update,343.2752525303871,348.2288374110691,-4.953584880682001
103,38,High,asymmetric_direct_mf_update,371.9885043946891,366.0773125680934,5.911191826595655
104,10,Medium,asymmetric_direct_mf_update,457.30370016671156,466.86838600685127,-9.564685840139703
105,8,Low,asymmetric_direct_mf_update,551.463533928406,566.0069532291093,-14.543419300703249
106,19,High,asymmetric_direct_mf_update,452.8290214560761,456.9124534303314,-4.0834319742553475
107,10,Medium,asymmetric_direct_mf_update,503.3873377620501,512.0409511400898,-8.653613378039665
108,17,Medium,asymmetric_direct_mf_update,554.9147142936354,565.5068211537256,-10.592106860090212
109,52,High,asymmetric_direct_mf_update,549.6447731076936,557.0660005024739,-7.421227394780317
110,12,Medium,asymmetric_direct_mf_update,543.3894681185491,553.9861028516472,-10.596634733098085
111,36,High,asymmetric_direct_mf_update,491.98487080506465,495.0750199062363,-3.0901491011716757
112,13,Medium,asymmetric_direct_mf_update,500.7569806361493,511.3237759845544,-10.566795348405094
113,32,High,asymmetric_direct_mf_update,452.09287035867095,461.54502716953454,-9.452156810863585
114,9,Low,asymmetric_direct_mf_update,490.4092301902283,493.0057548719931,-2.5965246817647767
115,13,Medium,asymmetric_direct_mf_update,499.42083605153806,497.33390164988526,2.0869344016527975
116,23,High,asymmetric_direct_mf_update,477.18558962751905,482.22986813474785,-5.044278507228796
117,34,High,asymmetric_direct_mf_update,498.38851986371293,505.0125373111721,-6.624017447459153
118,9,Low,asymmetric_direct_mf_update,524.2427457722627,533.0002197513279,-8.757473979065253
119,21,High,asymmetric_direct_mf_update,468.9321557087625,476.2951172870035,-7.362961578241027
120,5,Low,asymmetric_direct_mf_update,506.9060789149547,517.1272652914674,-10.221186376512719
121,15,Medium,asymmetric_direct_mf_update,491.3290720096266,500.27180591645276,-8.942733906826163
122,18,Medium,asymmetric_direct_mf_update,463.53665749481627,473.3924029251819,-9.85574543036563
123,3,Low,asymmetric_direct_mf_update,474.6212245583926,484.45344681754824,-9.832222259155628
124,30,High,asymmetric_direct_mf_update,465.7368275514324,460.0905778566816,5.646249694750793
125,42,High,asymmetric_direct_mf_update,561.3756554059855,571.8112001348325,-10.435544728846935
126,14,Medium,asymmetric_direct_mf_update,424.8741891894545,417.98410898023485,6.890080209219661
127,21,High,asymmetric_direct_mf_update,513.0851062033057,523.6720916728723,-10.58698546956657
128,9,Low,asymmetric_direct_mf_update,426.52582118339177,435.91552521280465,-9.389704029412883
129,7,Low,asymmetric_direct_mf_update,477.50374136447385,476.22029381391866,1.283447550555195
130,4,Low,asymmetric_direct_mf_update,398.7184713838577,405.8036359003925,-7.085164516534803
131,11,Medium,asymmetric_direct_mf_update,538.9614591818611,548.1702271086588,-9.208767926797691
132,3,Low,asymmetric_direct_mf_update,483.5022236515379,492.8818490665784,-9.379625415040493
133,4,Low,asymmetric_direct_mf_update,546.4149066613379,559.1151662156321,-12.700259554294234
134,6,Low,asymmetric_direct_mf_update,515.99227931272,526.5889140458152,-10.59663473309513
135,13,Medium,asymmetric_direct_mf_update,488.27091333104516,495.08856127447854,-6.817647943433371
136,16,Medium,asymmetric_direct_mf_update,433.905235859925,438.9015815114918,-4.9963456515667986
137,27,High,asymmetric_direct_mf_update,503.2465856988118,512.6640825618925,-9.417496863080714
138,21,High,asymmetric_direct_mf_update,402.27364757709773,382.86918954788575,19.40445802921198
139,8,Low,asymmetric_direct_mf_update,500.3511573769593,503.98098273552495,-3.629825358565654
140,17,Medium,asymmetric_direct_mf_update,407.0475437552921,390.0738003628512,16.973743392440895
141,7,Low,asymmetric_direct_mf_update,436.08564273204877,446.68227746513753,-10.596634733088763
142,14,Medium,asymmetric_direct_mf_update,318.571242054234,328.95480977320767,-10.383567718973666
143,4,Low,asymmetric_direct_mf_update,464.7170382745055,463.34155338506497,1.3754848894405427
144,18,Medium,asymmetric_direct_mf_update,491.5567544682888,500.74034522507986,-9.18359075679109
145,18,Medium,asymmetric_direct_mf_update,410.23236678667496,419.5889166834688,-9.356549896793865
146,22,High,asymmetric_direct_mf_update,511.30229438444593,521.6626677163918,-10.360373331945823
147,18,Medium,asymmetric_direct_mf_update,515.6387635913798,525.7967747163543,-10.158011124974564
148,19,High,asymmetric_direct_mf_update,449.97301600022814,436.11195393998287,13.861062060245274
149,21,High,asymmetric_direct_mf_update,455.65029099558234,458.02713123706206,-2.3768402414797265
0,23,High,dynamic_value_decay,394.69002401574505,380.81614021897593,13.873883796769121
1,11,Medium,dynamic_value_decay,507.3437557895143,441.98119153299757,65.36256425651675
2,30,High,dynamic_value_decay,500.0378235007715,503.30955715572736,-3.271733654955881
3,37,High,dynamic_value_decay,427.50000747457807,466.5680987239235,-39.06809124934546
4,22,High,dynamic_value_decay,526.705444335216,480.23569245423585,46.4697518809802
5,8,Low,dynamic_value_decay,556.177972218536,562.5147633598967,-6.336791141360777
6,54,High,dynamic_value_decay,342.8820638416101,447.9172124100142,-105.03514856840411
7,34,High,dynamic_value_decay,547.3614425838853,554.2147072242037,-6.853264640318457
8,45,High,dynamic_value_decay,518.7714238766288,510.6950492875628,8.07637458906595
9,22,High,dynamic_value_decay,498.51071641499254,507.0617182335595,-8.551001818566931
10,12,Medium,dynamic_value_decay,510.56038996354596,512.6600518795904,-2.099661916044397
11,9,Low,dynamic_value_decay,556.6585435658869,547.5473740729785,9.111169492908402
12,34,High,dynamic_value_decay,476.3330117454608,468.8647253123844,7.4682864330764005
13,12,Medium,dynamic_value_decay,476.39079701300983,463.2274625354484,13.16333447756142
14,26,High,dynamic_value_decay,505.42524685955283,503.1766986000102,2.2485482595426447
15,16,Medium,dynamic_value_decay,532.3343622192136,474.94344909835627,57.39091312085736
16,7,Low,dynamic_value_decay,464.4142109610313,402.0900409258587,62.324170035172585
17,31,High,dynamic_value_decay,547.5253027297616,537.6908905094256,9.834412220336048
18,18,Medium,dynamic_value_decay,504.5464868290375,462.5672270716446,41.979259757392924
19,12,Medium,dynamic_value_decay,521.7773432681328,515.694096913894,6.083246354238781
20,8,Low,dynamic_value_decay,549.0220715887646,542.7348982243162,6.287173364448336
21,43,High,dynamic_value_decay,522.3604810475721,558.7118765786015,-36.351395531029425
22,28,High,dynamic_value_decay,537.1838300842356,533.14888002011,4.03495006412561
23,18,Medium,dynamic_value_decay,507.8378047556364,469.1113853521989,38.72641940343749
24,1,Low,dynamic_value_decay,468.35429360711515,479.96762100919085,-11.613327402075697
25,10,Medium,dynamic_value_decay,528.2706370701143,543.2502485088472,-14.979611438732945
26,16,Medium,dynamic_value_decay,501.2475576812067,497.7395998263109,3.5079578548957784
27,36,High,dynamic_value_decay,478.3221080002702,436.8118901956035,41.510217804666695
28,37,High,dynamic_value_decay,460.1620755841282,469.6322362332554,-9.470160649127195
29,7,Low,dynamic_value_decay,443.0139609328264,481.71540681204874,-38.70144587922232
30,5,Low,dynamic_value_decay,520.070113553894,518.340636805181,1.7294767487129548
31,1,Low,dynamic_value_decay,497.8686875451803,483.70640344872413,14.162284096456176
32,7,Low,dynamic_value_decay,535.5532338392533,494.47635250695186,41.07688133230141
33,1,Low,dynamic_value_decay,415.85812221672376,403.83982344005244,12.018298776671315
34,5,Low,dynamic_value_decay,520.4789992191611,507.324434152847,13.154565066314092
35,13,Medium,dynamic_value_decay,470.7447630198508,548.7071031773219,-77.96234015747109
36,14,Medium,dynamic_value_decay,523.1691057545981,457.5918081804072,65.57729757419094
37,18,Medium,dynamic_value_decay,513.5837745561458,473.0695994795387,40.51417507660716
38,15,Medium,dynamic_value_decay,499.3817083459795,431.2407555678779,68.14095277810162
39,1,Low,dynamic_value_decay,404.9756237629317,459.2336897184826,-54.258065955550876
40,26,High,dynamic_value_decay,494.7485348044421,491.2927699863717,3.4557648180704064
41,18,Medium,dynamic_value_decay,462.43395018158526,444.0391958425645,18.39475433902078
42,7,Low,dynamic_value_decay,428.26186052352506,405.4117240286774,22.850136494847675
43,18,Medium,dynamic_value_decay,495.3485742341742,469.8697778893941,25.478796344780108
44,10,Medium,dynamic_value_decay,417.11205494004344,425.5179986862193,-8.405943746175865
45,2,Low,dynamic_value_decay,455.4212812669507,429.2942062006781,26.127075066272596
46,14,Medium,dynamic_value_decay,507.62974592490394,491.4018071014475,16.22793882345644
47,2,Low,dynamic_value_decay,494.18629806878766,486.30357670846627,7.882721360321398
48,8,Low,dynamic_value_decay,476.8474316165261,444.3087086928293,32.53872292369675
49,8,Low,dynamic_value_decay,536.6557085813652,518.8081066868234,17.847601894541754
50,28,High,dynamic_value_decay,461.46948420161715,436.39716091345764,25.07232328815951
51,12,Medium,dynamic_value_decay,408.95066417800786,364.4444554636984,44.50620871430948
52,11,Medium,dynamic_value_decay,505.7835673125064,494.82655400835085,10.957013304155566
53,26,High,dynamic_value_decay,508.4213204313675,457.64028874392596,50.781031687441555
54,22,High,dynamic_value_decay,466.44948354053804,457.40372872965463,9.045754810883409
55,13,Medium,dynamic_value_decay,468.24016907398203,480.53988271024514,-12.299713636263107
56,8,Low,dynamic_value_decay,395.6738351113202,385.24668936116154,10.427145750158672
57,9,Low,dynamic_value_decay,528.057924821279,524.9874708981056,3.0704539231734316
58,3,Low,dynamic_value_decay,540.1839392853743,547.651405139012,-7.467465853637691
59,21,High,dynamic_value_decay,410.0684536964898,415.1440764582578,-5.075622761767988
60,4,Low,dynamic_value_decay,546.0317413255011,555.7239724951221,-9.692231169620982
61,17,Medium,dynamic_value_decay,494.49846264384996,436.97489766074943,57.52356498310053
62,30,High,dynamic_value_decay,285.6730430954457,483.2837012220205,-197.61065812657483
63,23,High,dynamic_value_decay,517.6166351202978,475.1742874225575,42.44234769774033
64,13,Medium,dynamic_value_decay,527.4555236565693,483.0695101513082,44.38601350526113
65,6,Low,dynamic_value_decay,559.569201578173,547.9500221780343,11.619179400138705
66,13,Medium,dynamic_value_decay,522.2654660932385,473.07125255022333,49.19421354301517
67,15,Medium,dynamic_value_decay,517.483988678761,511.9786149475901,5.5053737311708915
68,28,High,dynamic_value_decay,364.6318809511943,375.766549224267,-11.134668273072691
69,37,High,dynamic_value_decay,435.1059833362058,436.6424956944619,-1.5365123582561182
70,4,Low,dynamic_value_decay,401.4913751114793,394.46752529937544,7.023849812103833
71,7,Low,dynamic_value_decay,409.912864877297,395.11883301306887,14.794031864228145
72,7,Low,dynamic_value_decay,379.8383722813763,360.5739244529362,19.264447828440098
73,26,High,dynamic_value_decay,500.9499726072388,454.7120639492909,46.23790865794791
74,17,Medium,dynamic_value_decay,406.9189964216758,393.29392855796516,13.625067863710626
75,8,Low,dynamic_value_decay,513.7062844380777,469.53007995415055,44.17620448392711
76,24,High,dynamic_value_decay,436.7082876254407,445.64533008219314,-8.937042456752465
77,38,High,dynamic_value_decay,493.30074301103156,522.814713070793,-29.513970059761448
78,5,Low,dynamic_value_decay,345.0213345319104,318.13471718400143,26.886617347908953
79,34,High,dynamic_value_decay,507.7261909526709,479.10110805470134,28.62508289796955
80,9,Low,dynamic_value_decay,508.4223589157186,473.13923836393946,35.28312055177912
81,8,Low,dynamic_value_decay,493.223256503132,425.6868073588878,67.53644914424422
82,6,Low,dynamic_value_decay,504.98197162970706,480.9658004906523,24.016171139054734
83,22,High,dynamic_value_decay,534.034163289051,522.9163871920555,11.117776096995499
84,23,High,dynamic_value_decay,386.6526469134294,354.789480918423,31.863165995006398
85,15,Medium,dynamic_value_decay,396.4536417313451,388.1269293484633,8.326712382881794
86,10,Medium,dynamic_value_decay,500.18593405176125,475.65211284227155,24.5338212094897
87,9,Low,dynamic_value_decay,426.0077165988269,419.18128218171717,6.826434417109738
88,22,High,dynamic_value_decay,478.82908514640036,515.2558353491929,-36.42675020279256
89,10,Medium,dynamic_value_decay,540.5410889055739,507.71535789713727,32.82573100843666
90,2,Low,dynamic_value_decay,502.34177812237334,480.8955116142987,21.446266508074643
91,14,Medium,dynamic_value_decay,500.2419945995371,502.4253145545019,-2.183319954964759
92,28,High,dynamic_value_decay,497.6705608094208,502.338391359047,-4.667830549626217
93,10,Medium,dynamic_value_decay,518.9135031813294,511.50607652328574,7.407426658043619
94,13,Medium,dynamic_value_decay,534.2535524739801,510.8543810469895,23.39917142699062
95,7,Low,dynamic_value_decay,503.13721107717873,406.4658266022371,96.67138447494165
96,11,Medium,dynamic_value_decay,382.8321662489237,420.5881536573612,-37.75598740843748
97,4,Low,dynamic_value_decay,556.7966128567331,562.0356119424424,-5.238999085709338
98,13,Medium,dynamic_value_decay,431.8268568719677,410.735855719394,21.09100115257371
99,31,High,dynamic_value_decay,527.7575090938724,513.2000266392407,14.557482454631668
100,8,Low,dynamic_value_decay,496.53583496340434,410.94779499835124,85.5880399650531
101,20,High,dynamic_value_decay,527.9357863065195,446.6719890449306,81.26379726158888
102,7,Low,dynamic_value_decay,343.2752525303871,360.623119541645,-17.347867011257904
103,38,High,dynamic_value_decay,371.9885043946891,355.98169600675374,16.006808387935337
104,10,Medium,dynamic_value_decay,457.30370016671156,434.9941701371822,22.309530029529355
105,8,Low,dynamic_value_decay,551.463533928406,562.1260676913219,-10.662533762915814
106,19,High,dynamic_value_decay,452.8290214560761,501.81891183671405,-48.98989038063797
107,10,Medium,dynamic_value_decay,503.3873377620501,504.1630466908253,-0.7757089287752024
108,17,Medium,dynamic_value_decay,554.9147142936354,563.194273596709,-8.279559303073597
109,52,High,dynamic_value_decay,549.6447731076936,521.2737754468038,28.37099766088977
110,12,Medium,dynamic_value_decay,543.3894681185491,517.9660660795787,25.42340203897038
111,36,High,dynamic_value_decay,491.98487080506465,469.76120479397144,22.2236660110932
112,13,Medium,dynamic_value_decay,500.7569806361493,473.6557438781011,27.10123675804823
113,32,High,dynamic_value_decay,452.09287035867095,449.7994834448446,2.293386913826339
114,9,Low,dynamic_value_decay,490.4092301902283,482.97960255171864,7.429627638509658
115,13,Medium,dynamic_value_decay,499.42083605153806,479.1177662250011,20.303069826536955
116,23,High,dynamic_value_decay,477.18558962751905,446.4181993030011,30.767390324517976
117,34,High,dynamic_value_decay,498.38851986371293,470.4259854875583,27.962534376154622
118,9,Low,dynamic_value_decay,524.2427457722627,514.7122208227275,9.530524949535106
119,21,High,dynamic_value_decay,468.9321557087625,470.99859359483946,-2.066437886076983
120,5,Low,dynamic_value_decay,506.9060789149547,510.9827379563047,-4.076659041349956
121,15,Medium,dynamic_value_decay,491.3290720096266,425.56297355146364,65.76609845816296
122,18,Medium,dynamic_value_decay,463.53665749481627,462.7748925413935,0.7617649534227553
123,3,Low,dynamic_value_decay,474.6212245583926,462.4329065032958,12.188318055096829
124,30,High,dynamic_value_decay,465.7368275514324,457.38554581267204,8.351281738760349
125,42,High,dynamic_value_decay,561.3756554059855,564.8260304888743,-3.4503750828887405
126,14,Medium,dynamic_value_decay,424.8741891894545,372.41987589226187,52.45431329719264
127,21,High,dynamic_value_decay,513.0851062033057,501.7413516092685,11.343754594037193
128,9,Low,dynamic_value_decay,426.52582118339177,456.8961464713572,-30.370325287965443
129,7,Low,dynamic_value_decay,477.50374136447385,464.97558494832526,12.52815641614859
130,4,Low,dynamic_value_decay,398.7184713838577,408.3622947843943,-9.643823400536576
131,11,Medium,dynamic_value_decay,538.9614591818611,517.1323778015565,21.829081380304615
132,3,Low,dynamic_value_decay,483.5022236515379,471.4323857078786,12.069837943659309
133,4,Low,dynamic_value_decay,546.4149066613379,547.0163600513885,-0.6014533900505512
134,6,Low,dynamic_value_decay,515.99227931272,472.33198644511793,43.660292867602095
135,13,Medium,dynamic_value_decay,488.27091333104516,499.83038322915246,-11.559469898107295
136,16,Medium,dynamic_value_decay,433.905235859925,400.43219886402056,33.473036995904465
137,27,High,dynamic_value_decay,503.2465856988118,510.86457550401093,-7.617989805199102
138,21,High,dynamic_value_decay,402.27364757709773,396.84663658313156,5.427010993966178
139,8,Low,dynamic_value_decay,500.3511573769593,492.00443417511474,8.346723201844554
140,17,Medium,dynamic_value_decay,407.0475437552921,388.0615020231638,18.986041732128285
141,7,Low,dynamic_value_decay,436.08564273204877,405.20199050759794,30.883652224450827
142,14,Medium,dynamic_value_decay,318.571242054234,424.0691619457359,-105.49791989150191
143,4,Low,dynamic_value_decay,464.7170382745055,446.1928206407085,18.524217633797036
144,18,Medium,dynamic_value_decay,491.5567544682888,446.1394875151727,45.4172669531161
145,18,Medium,dynamic_value_decay,410.23236678667496,430.35813183934897,-20.125765052674012
146,22,High,dynamic_value_decay,511.30229438444593,494.57226702026344,16.73002736418249
147,18,Medium,dynamic_value_decay,515.6387635913798,478.46682687543995,37.17193671593981
148,19,High,dynamic_value_decay,449.97301600022814,407.03186823177276,42.94114776845538
149,21,High,dynamic_value_decay,455.65029099558234,446.09135128796873,9.558939707613604
0,23,High,counterfactual_updating,394.69002401574505,395.08478485695315,-0.39476084120809674
1,11,Medium,counterfactual_updating,507.3437557895143,489.57216290187415,17.771592887640168
2,30,High,counterfactual_updating,500.0378235007715,503.1266430202066,-3.0888195194351056
3,37,High,counterfactual_updating,427.50000747457807,431.9962374476941,-4.496229973116044
4,22,High,counterfactual_updating,526.705444335216,501.60245146391964,25.102992871296408
5,8,Low,counterfactual_updating,556.177972218536,556.4695999008838,-0.2916276823478938
6,54,High,counterfactual_updating,342.8820638416101,348.1803812083244,-5.298317366714286
7,34,High,counterfactual_updating,547.3614425838853,548.9772316430191,-1.6157890591338173
8,45,High,counterfactual_updating,518.7714238766288,520.9873971243144,-2.2159732476856107
9,22,High,counterfactual_updating,498.51071641499254,479.4159079057854,19.094808509207155
10,12,Medium,counterfactual_updating,510.56038996354596,514.3490406291954,-3.7886506656494703
11,9,Low,counterfactual_updating,556.6585435658869,564.036507884329,-7.377964318442082
12,34,High,counterfactual_updating,476.3330117454608,473.8413936862838,2.4916180591769717
13,12,Medium,counterfactual_updating,476.39079701300983,477.1885238997188,-0.797726886708972
14,26,High,counterfactual_updating,505.42524685955283,497.89377730941885,7.531469550133977
15,16,Medium,counterfactual_updating,532.3343622192136,524.822776333642,7.511585885571662
16,7,Low,counterfactual_updating,464.4142109610313,459.8554888616217,4.558722099409579
17,31,High,counterfactual_updating,547.5253027297616,547.9892379398304,-0.46393521006882565
18,18,Medium,counterfactual_updating,504.5464868290375,497.8840743731047,6.662412455932838
19,12,Medium,counterfactual_updating,521.7773432681328,532.5642429939488,-10.786899725816056
20,8,Low,counterfactual_updating,549.0220715887646,543.7763480510026,5.245723537761933
21,43,High,counterfactual_updating,522.3604810475721,527.6587984215172,-5.29831737394511
22,28,High,counterfactual_updating,537.1838300842356,532.5862574258672,4.597572658368449
23,18,Medium,counterfactual_updating,507.8378047556364,498.34724265716994,9.490562098466455
24,1,Low,counterfactual_updating,468.35429360711515,473.6526109736593,-5.298317366544154
25,10,Medium,counterfactual_updating,528.2706370701143,531.1784788907496,-2.9078418206353263
26,16,Medium,counterfactual_updating,501.2475576812067,500.3921019185454,0.8554557626612791
27,36,High,counterfactual_updating,478.3221080002702,475.92763205572004,2.394475944550152
28,37,High,counterfactual_updating,460.1620755841282,464.0787136415689,-3.916638057440707
29,7,Low,counterfactual_updating,443.0139609328264,447.9804024721201,-4.966441539293669
30,5,Low,counterfactual_updating,520.070113553894,525.3684309196467,-5.298317365752723
31,1,Low,counterfactual_updating,497.8686875451803,489.72760184451806,8.141085700662245
32,7,Low,counterfactual_updating,535.5532338392533,522.4362295427791,13.117004296474192
33,1,Low,counterfactual_updating,415.85812221672376,418.79672102002894,-2.938598803305183
34,5,Low,counterfactual_updating,520.4789992191611,501.457318183895,19.021681035266113
35,13,Medium,counterfactual_updating,470.7447630198508,564.2708105541126,-93.5260475342618
36,14,Medium,counterfactual_updating,523.1691057545981,509.9118791264689,13.257226628129274
37,18,Medium,counterfactual_updating,513.5837745561458,511.1806963652835,2.4030781908623453
38,15,Medium,counterfactual_updating,499.3817083459795,477.0567400179409,22.324968328038608
39,1,Low,counterfactual_updating,404.9756237629317,406.35896815746355,-1.3833443945318322
40,26,High,counterfactual_updating,494.7485348044421,494.471445686467,0.2770891179750947
41,18,Medium,counterfactual_updating,462.43395018158526,457.1983538021717,5.2355963794135505
42,7,Low,counterfactual_updating,428.26186052352506,430.13891707057616,-1.8770565470510974
43,18,Medium,counterfactual_updating,495.3485742341742,499.53534635842385,-4.186772124249671
44,10,Medium,counterfactual_updating,417.11205494004344,421.6988867208672,-4.586831780823786
45,2,Low,counterfactual_updating,455.4212812669507,456.8769376094223,-1.4556563424716273
46,14,Medium,counterfactual_updating,507.62974592490394,520.5563402709786,-12.926594346074637
47,2,Low,counterfactual_updating,494.18629806878766,490.13073393709686,4.055564131690801
48,8,Low,counterfactual_updating,476.8474316165261,480.7319483534998,-3.884516736973694
49,8,Low,counterfactual_updating,536.6557085813652,538.5621384569555,-1.9064298755903337
50,28,High,counterfactual_updating,461.46948420161715,447.02701576080034,14.44246844081681
51,12,Medium,counterfactual_updating,408.95066417800786,400.09543043708163,8.855233740926224
52,11,Medium,counterfactual_updating,505.7835673125064,511.0432352711488,-5.259667958642353
53,26,High,counterfactual_updating,508.4213204313675,495.4276967139534,12.993623717414096
54,22,High,counterfactual_updating,466.44948354053804,471.747800907085,-5.298317366546939
55,13,Medium,counterfactual_updating,468.24016907398203,473.5384864405366,-5.298317366554556
56,8,Low,counterfactual_updating,395.6738351113202,398.01332628753073,-2.3394911762105153
57,9,Low,counterfactual_updating,528.057924821279,533.3562421877637,-5.298317366484639
58,3,Low,counterfactual_updating,540.1839392853743,550.9433339557472,-10.759394670372899
59,21,High,counterfactual_updating,410.0684536964898,411.94564562407203,-1.8771919275822029
60,4,Low,counterfactual_updating,546.0317413255011,549.4150418610222,-3.38330053552113
61,17,Medium,counterfactual_updating,494.49846264384996,485.9454621559955,8.55300048785449
62,30,High,counterfactual_updating,285.6730430954457,290.9713604619975,-5.298317366551828
63,23,High,counterfactual_updating,517.6166351202978,503.99736905575696,13.619266064540852
64,13,Medium,counterfactual_updating,527.4555236565693,520.0951727935119,7.36035086305742
65,6,Low,counterfactual_updating,559.569201578173,553.2552066769288,6.3139949012442
66,13,Medium,counterfactual_updating,522.2654660932385,506.7361092944505,15.529356798788001
67,15,Medium,counterfactual_updating,517.483988678761,519.7875463719602,-2.3035576931991955
68,28,High,counterfactual_updating,364.6318809511943,369.9301983177256,-5.2983173665313075
69,37,High,counterfactual_updating,435.1059833362058,437.15228495685255,-2.046301620646773
70,4,Low,counterfactual_updating,401.4913751114793,403.49697129463175,-2.005596183152477
71,7,Low,counterfactual_updating,409.912864877297,407.51374291476935,2.3991219625276585
72,7,Low,counterfactual_updating,379.8383722813763,377.05234211755663,2.786030163819646
73,26,High,counterfactual_updating,500.9499726072388,486.9243672734507,14.025605333788121
74,17,Medium,counterfactual_updating,406.9189964216758,404.81406116823433,2.104935253441454
75,8,Low,counterfactual_updating,513.7062844380777,496.2500951372476,17.456189300830033
76,24,High,counterfactual_updating,436.7082876254407,436.55831362053107,0.149974004909609
77,38,High,counterfactual_updating,493.30074301103156,498.5990603777244,-5.2983173666928565
78,5,Low,counterfactual_updating,345.0213345319104,328.32466529675094,16.696669235159447
79,34,High,counterfactual_updating,507.7261909526709,508.9926209518805,-1.2664299992096062
80,9,Low,counterfactual_updating,508.4223589157186,503.10793954846747,5.314419367251105
81,8,Low,counterfactual_updating,493.223256503132,477.8836334703187,15.339623032813279
82,6,Low,counterfactual_updating,504.98197162970706,510.2802889962567,-5.298317366549611
83,22,High,counterfactual_updating,534.034163289051,530.3715822227092,3.6625810663417724
84,23,High,counterfactual_updating,386.6526469134294,387.1728879644097,-0.520241050980303
85,15,Medium,counterfactual_updating,396.4536417313451,399.13668971849654,-2.68304798715144
86,10,Medium,counterfactual_updating,500.18593405176125,484.83511662209315,15.350817429668098
87,9,Low,counterfactual_updating,426.0077165988269,429.5969551758065,-3.5892385769795965
88,22,High,counterfactual_updating,478.82908514640036,469.5151757328376,9.313909413562783
89,10,Medium,counterfactual_updating,540.5410889055739,535.9182676853443,4.622821220229639
90,2,Low,counterfactual_updating,502.34177812237334,516.4513585044176,-14.109580382044271
91,14,Medium,counterfactual_updating,500.2419945995371,518.3399184361341,-18.097923836596976
92,28,High,counterfactual_updating,497.6705608094208,488.7455010944505,8.925059714970303
93,10,Medium,counterfactual_updating,518.9135031813294,512.4287287638075,6.484774417521862
94,13,Medium,counterfactual_updating,534.2535524739801,533.4945460443369,0.7590064296432502
95,7,Low,counterfactual_updating,503.13721107717873,477.6153491498593,25.521861927319435
96,11,Medium,counterfactual_updating,382.8321662489237,384.58730085057687,-1.7551346016531397
97,4,Low,counterfactual_updating,556.7966128567331,561.8569236934629,-5.060310836729855
98,13,Medium,counterfactual_updating,431.8268568719677,428.13201704567115,3.6948398262965725
99,31,High,counterfactual_updating,527.7575090938724,531.829726555043,-4.072217461170567
100,8,Low,counterfactual_updating,496.53583496340434,459.4479941683005,37.08784079510383
101,20,High,counterfactual_updating,527.9357863065195,521.6904438856935,6.245342420825978
102,7,Low,counterfactual_updating,343.2752525303871,337.70358767391815,5.571664856468942
103,38,High,counterfactual_updating,371.9885043946891,353.9439339705119,18.044570424177152
104,10,Medium,counterfactual_updating,457.30370016671156,459.8541554504137,-2.5504552837021492
105,8,Low,counterfactual_updating,551.463533928406,556.2992821502336,-4.835748221827544
106,19,High,counterfactual_updating,452.8290214560761,447.91905614438076,4.909965311695316
107,10,Medium,counterfactual_updating,503.3873377620501,498.1697650818883,5.2175726801618225
108,17,Medium,counterfactual_updating,554.9147142936354,558.8068583981603,-3.8921441045249594
109,52,High,counterfactual_updating,549.6447731076936,553.7563712206976,-4.111598113003993
110,12,Medium,counterfactual_updating,543.3894681185491,544.8270488845308,-1.4375807659816928
111,36,High,counterfactual_updating,491.98487080506465,493.448996729861,-1.464125924796349
112,13,Medium,counterfactual_updating,500.7569806361493,502.63373567213563,-1.8767550359863208
113,32,High,counterfactual_updating,452.09287035867095,457.39116563585816,-5.298295277187208
114,9,Low,counterfactual_updating,490.4092301902283,495.7075475568078,-5.298317366579511
115,13,Medium,counterfactual_updating,499.42083605153806,479.09289879147826,20.327937260059798
116,23,High,counterfactual_updating,477.18558962751905,471.51144496122754,5.674144666291511
117,34,High,counterfactual_updating,498.38851986371293,500.13623573261475,-1.747715868901821
118,9,Low,counterfactual_updating,524.2427457722627,525.666657744441,-1.4239119721783027
119,21,High,counterfactual_updating,468.9321557087625,462.91207778042406,6.020077928338424
120,5,Low,counterfactual_updating,506.9060789149547,499.0389048337134,7.86717408124133
121,15,Medium,counterfactual_updating,491.3290720096266,475.9100184406087,15.419053569017876
122,18,Medium,counterfactual_updating,463.53665749481627,459.1827573514217,4.353900143394583
123,3,Low,counterfactual_updating,474.6212245583926,472.3237182906631,2.2975062677294886
124,30,High,counterfactual_updating,465.7368275514324,471.03514491797887,-5.298317366546485
125,42,High,counterfactual_updating,561.3756554059855,570.4126963876008,-9.037040981615291
126,14,Medium,counterfactual_updating,424.8741891894545,393.37274516199597,31.501444027458547
127,21,High,counterfactual_updating,513.0851062033057,498.911703653506,14.173402549799732
128,9,Low,counterfactual_updating,426.52582118339177,431.82413854994377,-5.2983173665519985
129,7,Low,counterfactual_updating,477.50374136447385,479.18720632228883,-1.6834649578149765
130,4,Low,counterfactual_updating,398.7184713838577,400.3670214436272,-1.6485500597694909
131,11,Medium,counterfactual_updating,538.9614591818611,531.9328506052957,7.028608576565375
132,3,Low,counterfactual_updating,483.5022236515379,488.8005410181059,-5.2983173665679715
133,4,Low,counterfactual_updating,546.4149066613379,548.059726912778,-1.6448202514401373
134,6,Low,counterfactual_updating,515.99227931272,512.1919390024118,3.800340310308229
135,13,Medium,counterfactual_updating,488.27091333104516,493.5692306976119,-5.298317366566721
136,16,Medium,counterfactual_updating,433.905235859925,428.76637591191667,5.13885994800836
137,27,High,counterfactual_updating,503.2465856988118,503.82658111635925,-0.5799954175474227
138,21,High,counterfactual_updating,402.27364757709773,388.60564041900386,13.668007158093872
139,8,Low,counterfactual_updating,500.3511573769593,505.649474743514,-5.298317366554727
140,17,Medium,counterfactual_updating,407.0475437552921,405.8149515516443,1.2325922036478119
141,7,Low,counterfactual_updating,436.08564273204877,435.24351011474215,0.8421326173066177
142,14,Medium,counterfactual_updating,318.571242054234,323.86955942078237,-5.2983173665483605
143,4,Low,counterfactual_updating,464.7170382745055,469.8009548998889,-5.083916625383381
144,18,Medium,counterfactual_updating,491.5567544682888,464.6085726820097,26.948181786279065
145,18,Medium,counterfactual_updating,410.23236678667496,415.53068415327493,-5.298317366599974
146,22,High,counterfactual_updating,511.30229438444593,510.86981357142093,0.43248081302499486
147,18,Medium,counterfactual_updating,515.6387635913798,507.8352997010703,7.803463890309445
148,19,High,counterfactual_updating,449.97301600022814,449.72807873819943,0.24493726202871358
149,21,High,counterfactual_updating,455.65029099558234,444.3039650364839,11.346325959098465
0,23,High,learned_transition_matrix,394.69002401574505,399.98834138229387,-5.298317366548815
1,11,Medium,learned_transition_matrix,507.3437557895143,496.7930493198242,10.550706469690112
2,30,High,learned_transition_matrix,500.0378235007715,488.99514973079005,11.042673769981434
3,37,High,learned_transition_matrix,427.50000747457807,429.22737210286164,-1.727364628283567
4,22,High,learned_transition_matrix,526.705444335216,527.9080400260514,-1.2025956908353237
5,8,Low,learned_transition_matrix,556.177972218536,561.4762895850745,-5.298317366538527
6,54,High,learned_transition_matrix,342.8820638416101,333.1063609866854,9.775702854924702
7,34,High,learned_transition_matrix,547.3614425838853,549.9760936872224,-2.61465110333711
8,45,High,learned_transition_matrix,518.7714238766288,519.7566022916719,-0.9851784150431513
9,22,High,learned_transition_matrix,498.51071641499254,503.80903378154017,-5.2983173665476215
10,12,Medium,learned_transition_matrix,510.56038996354596,515.8587073300549,-5.298317366508968
11,9,Low,learned_transition_matrix,556.6585435658869,570.4126963876008,-13.754152821713888
12,34,High,learned_transition_matrix,476.3330117454608,466.6478727821921,9.685138963268685
13,12,Medium,learned_transition_matrix,476.39079701300983,467.65141074265705,8.739386270352782
14,26,High,learned_transition_matrix,505.42524685955283,482.39216713141525,23.03307972813758
15,16,Medium,learned_transition_matrix,532.3343622192136,531.3064266106292,1.027935608584471
16,7,Low,learned_transition_matrix,464.4142109610313,465.0551476776678,-0.6409367166364746
17,31,High,learned_transition_matrix,547.5253027297616,551.2834700301223,-3.7581673003606966
18,18,Medium,learned_transition_matrix,504.5464868290375,481.6284226471677,22.918064181869795
19,12,Medium,learned_transition_matrix,521.7773432681328,511.8429362967565,9.93440697137629
20,8,Low,learned_transition_matrix,549.0220715887646,553.0441461239009,-4.022074535136312
21,43,High,learned_transition_matrix,522.3604810475721,525.3854236705422,-3.0249426229701157
22,28,High,learned_transition_matrix,537.1838300842356,534.7286654064364,2.455164677799189
23,18,Medium,learned_transition_matrix,507.8378047556364,509.5300382525092,-1.6922334968728023
24,1,Low,learned_transition_matrix,468.35429360711515,473.4722103346427,-5.117916727527529
25,10,Medium,learned_transition_matrix,528.2706370701143,533.5689544366187,-5.2983173665044205
26,16,Medium,learned_transition_matrix,501.2475576812067,490.9985034805552,10.249054200651472
27,36,High,learned_transition_matrix,478.3221080002702,470.29249486479756,8.02961313547263
28,37,High,learned_transition_matrix,460.1620755841282,444.711442001994,15.45063358213423
29,7,Low,learned_transition_matrix,443.0139609328264,448.3122782992982,-5.298317366471792
30,5,Low,learned_transition_matrix,520.070113553894,522.2616533029483,-2.1915397490543
31,1,Low,learned_transition_matrix,497.8686875451803,500.15402405121614,-2.285336506035833
32,7,Low,learned_transition_matrix,535.5532338392533,521.958180008701,13.595053830552274
33,1,Low,learned_transition_matrix,415.85812221672376,417.9903688575785,-2.13224664085476
34,5,Low,learned_transition_matrix,520.4789992191611,525.4100630600537,-4.931063840892648
35,13,Medium,learned_transition_matrix,470.7447630198508,471.9441909341414,-1.1994279142905953
36,14,Medium,learned_transition_matrix,523.1691057545981,519.8418228884502,3.3272828661479252
37,18,Medium,learned_transition_matrix,513.5837745561458,518.8820919230066,-5.298317366860715
38,15,Medium,learned_transition_matrix,499.3817083459795,486.9341456123836,12.44756273359593
39,1,Low,learned_transition_matrix,404.9756237629317,404.7247266739013,0.2508970890304454
40,26,High,learned_transition_matrix,494.7485348044421,489.3147473718941,5.433787432548002
41,18,Medium,learned_transition_matrix,462.43395018158526,466.63082030101873,-4.19687011943347
42,7,Low,learned_transition_matrix,428.26186052352506,430.5972519420226,-2.3353914184975224
43,18,Medium,learned_transition_matrix,495.3485742341742,498.4826806336273,-3.134106399453117
44,10,Medium,learned_transition_matrix,417.11205494004344,422.3674155544493,-5.255360614405845
45,2,Low,learned_transition_matrix,455.4212812669507,459.7883624379469,-4.367081170996187
46,14,Medium,learned_transition_matrix,507.62974592490394,508.57428743922867,-0.944541514324726
47,2,Low,learned_transition_matrix,494.18629806878766,490.7238559859251,3.4624420828625375
48,8,Low,learned_transition_matrix,476.8474316165261,482.1457489830751,-5.298317366549043
49,8,Low,learned_transition_matrix,536.6557085813652,537.394509075898,-0.7388004945328248
50,28,High,learned_transition_matrix,461.46948420161715,464.7350037707412,-3.2655195691240237
51,12,Medium,learned_transition_matrix,408.95066417800786,414.2489815445394,-5.298317366531535
52,11,Medium,learned_transition_matrix,505.7835673125064,512.8850830228528,-7.101515710346348
53,26,High,learned_transition_matrix,508.4213204313675,503.7603898883968,4.660930542970732
54,22,High,learned_transition_matrix,466.44948354053804,445.8445545026892,20.60492903784882
55,13,Medium,learned_transition_matrix,468.24016907398203,462.64778838500104,5.592380688980995
56,8,Low,learned_transition_matrix,395.6738351113202,395.8722229039693,-0.19838779264910045
57,9,Low,learned_transition_matrix,528.057924821279,530.7624848900455,-2.7045600687664546
58,3,Low,learned_transition_matrix,540.1839392853743,538.8309969598675,1.352942325506774
59,21,High,learned_transition_matrix,410.0684536964898,411.6672969708792,-1.5988432743893668
60,4,Low,learned_transition_matrix,546.0317413255011,543.1823415884955,2.8493997370055695
61,17,Medium,learned_transition_matrix,494.49846264384996,487.5624035219725,6.936059121877463
62,30,High,learned_transition_matrix,285.6730430954457,290.9713604619945,-5.298317366548815
63,23,High,learned_transition_matrix,517.6166351202978,514.464066351504,3.152568768793799
64,13,Medium,learned_transition_matrix,527.4555236565693,532.7538410230792,-5.2983173665098775
65,6,Low,learned_transition_matrix,559.569201578173,552.1822607139272,7.38694086424573
66,13,Medium,learned_transition_matrix,522.2654660932385,516.241262649425,6.024203443813462
67,15,Medium,learned_transition_matrix,517.483988678761,509.7330367511575,7.750951927603467
68,28,High,learned_transition_matrix,364.6318809511943,369.9301983177242,-5.298317366529886
69,37,High,learned_transition_matrix,435.1059833362058,404.09395944181955,31.012023894386232
70,4,Low,learned_transition_matrix,401.4913751114793,395.20646948098533,6.284905630493938
71,7,Low,learned_transition_matrix,409.912864877297,414.9688341669473,-5.055969289650307
72,7,Low,learned_transition_matrix,379.8383722813763,373.04916471368614,6.789207567690141
73,26,High,learned_transition_matrix,500.9499726072388,506.24828997396776,-5.298317366728952
74,17,Medium,learned_transition_matrix,406.9189964216758,405.7057488802939,1.213247541381861
75,8,Low,learned_transition_matrix,513.7062844380777,501.38750053387275,12.318783904204906
76,24,High,learned_transition_matrix,436.7082876254407,442.0066049919902,-5.298317366549497
77,38,High,learned_transition_matrix,493.30074301103156,492.0303352306727,1.2704077803588802
78,5,Low,learned_transition_matrix,345.0213345319104,346.0887240782572,-1.067389546346817
79,34,High,learned_transition_matrix,507.7261909526709,510.92512889530445,-3.198937942633563
80,9,Low,learned_transition_matrix,508.4223589157186,496.89676861032365,11.525590305394928
81,8,Low,learned_transition_matrix,493.223256503132,498.52157386994566,-5.298317366813649
82,6,Low,learned_transition_matrix,504.98197162970706,498.4055858412304,6.576385788476671
83,22,High,learned_transition_matrix,534.034163289051,533.9240586438777,0.11010464517323726
84,23,High,learned_transition_matrix,386.6526469134294,388.49252713572537,-1.8398802222959603
85,15,Medium,learned_transition_matrix,396.4536417313451,401.74909484410006,-5.295453112754956
86,10,Medium,learned_transition_matrix,500.18593405176125,486.28961808104947,13.896315970711782
87,9,Low,learned_transition_matrix,426.0077165988269,422.1369007295412,3.870815869285707
88,22,High,learned_transition_matrix,478.82908514640036,481.2789502344601,-2.4498650880597665
89,10,Medium,learned_transition_matrix,540.5410889055739,541.4219491388512,-0.8808602332773035
90,2,Low,learned_transition_matrix,502.34177812237334,500.78026215917464,1.5615159631987012
91,14,Medium,learned_transition_matrix,500.2419945995371,502.6173766460268,-2.375382046489676
92,28,High,learned_transition_matrix,497.6705608094208,502.8381534851401,-5.167592675719277
93,10,Medium,learned_transition_matrix,518.9135031813294,520.7405378853123,-1.8270347039829176
94,13,Medium,learned_transition_matrix,534.2535524739801,537.2183982519444,-2.9648457779643422
95,7,Low,learned_transition_matrix,503.13721107717873,492.2353359700831,10.901875107095634
96,11,Medium,learned_transition_matrix,382.8321662489237,388.1304836154718,-5.298317366548076
97,4,Low,learned_transition_matrix,556.7966128567331,561.0473713038695,-4.250758447136377
98,13,Medium,learned_transition_matrix,431.8268568719677,432.00706896506506,-0.18021209309733877
99,31,High,learned_transition_matrix,527.7575090938724,541.0966505425757,-13.339141448703344
100,8,Low,learned_transition_matrix,496.53583496340434,470.39598009594766,26.139854867456677
101,20,High,learned_transition_matrix,527.9357863065195,530.0504059976811,-2.114619691161579
102,7,Low,learned_transition_matrix,343.2752525303871,347.5727407040182,-4.297488173631109
103,38,High,learned_transition_matrix,371.9885043946891,376.91278944463807,-4.924285049948992
104,10,Medium,learned_transition_matrix,457.30370016671156,448.3870941695061,8.916605997205465
105,8,Low,learned_transition_matrix,551.463533928406,556.4960236462143,-5.032489717808289
106,19,High,learned_transition_matrix,452.8290214560761,458.127338822605,-5.29831736652892
107,10,Medium,learned_transition_matrix,503.3873377620501,508.62482214991326,-5.237484387863162
108,17,Medium,learned_transition_matrix,554.9147142936354,559.1493917481432,-4.234677454507846
109,52,High,learned_transition_matrix,549.6447731076936,550.1747989344447,-0.5300258267510571
110,12,Medium,learned_transition_matrix,543.3894681185491,536.5133693302092,6.876098788339846
111,36,High,learned_transition_matrix,491.98487080506465,490.78837130013034,1.1964995049343088
112,13,Medium,learned_transition_matrix,500.7569806361493,500.8895620170167,-0.132581380867407
113,32,High,learned_transition_matrix,452.09287035867095,445.190161734649,6.902708624021955
114,9,Low,learned_transition_matrix,490.4092301902283,473.61780628205724,16.791423908171055
115,13,Medium,learned_transition_matrix,499.42083605153806,492.91898759063764,6.501848460900419
116,23,High,learned_transition_matrix,477.18558962751905,482.48390699407315,-5.298317366554102
117,34,High,learned_transition_matrix,498.38851986371293,499.8021021488965,-1.4135822851835655
118,9,Low,learned_transition_matrix,524.2427457722627,519.2336086452946,5.009137126968085
119,21,High,learned_transition_matrix,468.9321557087625,467.9172706754776,1.0148850332848838
120,5,Low,learned_transition_matrix,506.9060789149547,492.4803839971147,14.42569491784002
121,15,Medium,learned_transition_matrix,491.3290720096266,484.16723748618347,7.161834523443133
122,18,Medium,learned_transition_matrix,463.53665749481627,463.7242892991787,-0.187631804362411
123,3,Low,learned_transition_matrix,474.6212245583926,447.66676786962626,26.954456688766356
124,30,High,learned_transition_matrix,465.7368275514324,449.2908450798865,16.445982471545904
125,42,High,learned_transition_matrix,561.3756554059855,565.5443506393807,-4.1686952333951695
126,14,Medium,learned_transition_matrix,424.8741891894545,427.5253348250949,-2.6511456356403755
127,21,High,learned_transition_matrix,513.0851062033057,485.1659538353151,27.91915236799059
128,9,Low,learned_transition_matrix,426.52582118339177,431.82413854993956,-5.298317366547792
129,7,Low,learned_transition_matrix,477.50374136447385,467.96638510079913,9.537356263674724
130,4,Low,learned_transition_matrix,398.7184713838577,404.01516190656736,-5.296690522709639
131,11,Medium,learned_transition_matrix,538.9614591818611,544.1254427923782,-5.163983610517107
132,3,Low,learned_transition_matrix,483.5022236515379,471.6384990640515,11.863724587486445
133,4,Low,learned_transition_matrix,546.4149066613379,545.6348068921573,0.7800997691806515
134,6,Low,learned_transition_matrix,515.99227931272,515.9691945055988,0.023084807121222184
135,13,Medium,learned_transition_matrix,488.27091333104516,492.1460777322805,-3.875164401235338
136,16,Medium,learned_transition_matrix,433.905235859925,438.7909247897813,-4.885688929856258
137,27,High,learned_transition_matrix,503.2465856988118,503.78371501137025,-0.5371293125584202
138,21,High,learned_transition_matrix,402.27364757709773,390.10352372445925,12.170123852638483
139,8,Low,learned_transition_matrix,500.3511573769593,495.4214867404967,4.9296706364626175
140,17,Medium,learned_transition_matrix,407.0475437552921,403.9220939073504,3.1254498479416952
141,7,Low,learned_transition_matrix,436.08564273204877,430.5353523647558,5.550290367292973
142,14,Medium,learned_transition_matrix,318.571242054234,314.3407930265348,4.230449027699194
143,4,Low,learned_transition_matrix,464.7170382745055,456.2293772507073,8.487661023798239
144,18,Medium,learned_transition_matrix,491.5567544682888,496.8550718348367,-5.298317366547906
145,18,Medium,learned_transition_matrix,410.23236678667496,415.51671626881176,-5.284349482136804
146,22,High,learned_transition_matrix,511.30229438444593,502.2902547490552,9.01203963539075
147,18,Medium,learned_transition_matrix,515.6387635913798,510.2868645221259,5.351899069253875
148,19,High,learned_transition_matrix,449.97301600022814,450.0415783466057,-0.06856234637757552
149,21,High,learned_transition_matrix,455.65029099558234,456.53195614656494,-0.8816651509825988
0,23,High,action_bias_stage1,394.69002401574505,399.95268362524223,-5.262659609497177
1,11,Medium,action_bias_stage1,507.3437557895143,510.44674011491134,-3.102984325397017
2,30,High,action_bias_stage1,500.0378235007715,481.7919203544763,18.245903146295177
3,37,High,action_bias_stage1,427.50000747457807,382.4740337261609,45.02597374841719
4,22,High,action_bias_stage1,526.705444335216,525.1795706449287,1.5258736902873125
5,8,Low,action_bias_stage1,556.177972218536,560.1894053177516,-4.011433099215651
6,54,High,action_bias_stage1,342.8820638416101,346.18769745031494,-3.305633608704852
7,34,High,action_bias_stage1,547.3614425838853,548.2421139095861,-0.8806713257008596
8,45,High,action_bias_stage1,518.7714238766288,524.0342049780953,-5.262781101466544
9,22,High,action_bias_stage1,498.51071641499254,503.7523045970501,-5.241588182057569
10,12,Medium,action_bias_stage1,510.56038996354596,515.7667595750385,-5.206369611492505
11,9,Low,action_bias_stage1,556.6585435658869,567.9877922791803,-11.329248713293396
12,34,High,action_bias_stage1,476.3330117454608,478.71664222377854,-2.383630478317741
13,12,Medium,action_bias_stage1,476.39079701300983,474.653315255591,1.7374817574188341
14,26,High,action_bias_stage1,505.42524685955283,508.3536101994262,-2.9283633398733855
15,16,Medium,action_bias_stage1,532.3343622192136,537.2403901112987,-4.906027892085035
16,7,Low,action_bias_stage1,464.4142109610313,469.70166907406156,-5.2874581130302545
17,31,High,action_bias_stage1,547.5253027297616,552.1730027684297,-4.647700038668063
18,18,Medium,action_bias_stage1,504.5464868290375,508.991369698523,-4.444882869485468
19,12,Medium,action_bias_stage1,521.7773432681328,488.0617214297063,33.71562183842644
20,8,Low,action_bias_stage1,549.0220715887646,544.4781470729638,4.543924515800768
21,43,High,action_bias_stage1,522.3604810475721,510.9045477558468,11.455933291725273
22,28,High,action_bias_stage1,537.1838300842356,542.4820880360261,-5.298257951790447
23,18,Medium,action_bias_stage1,507.8378047556364,512.9599263936468,-5.122121638010412
24,1,Low,action_bias_stage1,468.35429360711515,472.258994917863,-3.904701310747839
25,10,Medium,action_bias_stage1,528.2706370701143,532.8686576937889,-4.598020623674643
26,16,Medium,action_bias_stage1,501.2475576812067,505.0979297995484,-3.8503721183417383
27,36,High,action_bias_stage1,478.3221080002702,482.5779049006657,-4.255796900395524
28,37,High,action_bias_stage1,460.1620755841282,462.59746594328055,-2.4353903591523363
29,7,Low,action_bias_stage1,443.0139609328264,447.23620651184217,-4.222245579015748
30,5,Low,action_bias_stage1,520.070113553894,525.3203847282588,-5.250271174364798
31,1,Low,action_bias_stage1,497.8686875451803,490.8309666937121,7.03772085146818
32,7,Low,action_bias_stage1,535.5532338392533,540.8477237472678,-5.294489908014498
33,1,Low,action_bias_stage1,415.85812221672376,417.9191205230095,-2.0609983062857395
34,5,Low,action_bias_stage1,520.4789992191611,399.6418679255455,120.83713129361558
35,13,Medium,action_bias_stage1,470.7447630198508,469.0447128152958,1.700050204554998
36,14,Medium,action_bias_stage1,523.1691057545981,528.2659847631304,-5.096879008532255
37,18,Medium,action_bias_stage1,513.5837745561458,514.3447886751352,-0.7610141189893511
38,15,Medium,action_bias_stage1,499.3817083459795,502.0086242799895,-2.6269159340099577
39,1,Low,action_bias_stage1,404.9756237629317,324.3411450518417,80.63447871109003
40,26,High,action_bias_stage1,494.7485348044421,437.8689353828878,56.8795994215543
41,18,Medium,action_bias_stage1,462.43395018158526,424.69022744518054,37.74372273640472
42,7,Low,action_bias_stage1,428.26186052352506,432.8965439347079,-4.634683411182834
43,18,Medium,action_bias_stage1,495.3485742341742,355.507086333505,139.84148790066916
44,10,Medium,action_bias_stage1,417.11205494004344,409.19447464600574,7.917580294037691
45,2,Low,action_bias_stage1,455.4212812669507,438.5393199649914,16.88196130195928
46,14,Medium,action_bias_stage1,507.62974592490394,499.5855074551081,8.044238469795857
47,2,Low,action_bias_stage1,494.18629806878766,499.41768082161923,-5.231382752831564
48,8,Low,action_bias_stage1,476.8474316165261,475.74067104172167,1.1067605748044116
49,8,Low,action_bias_stage1,536.6557085813652,537.8665025085559,-1.210793927190707
50,28,High,action_bias_stage1,461.46948420161715,465.6862446919428,-4.216760490325669
51,12,Medium,action_bias_stage1,408.95066417800786,412.66157872182714,-3.7109145438192854
52,11,Medium,action_bias_stage1,505.7835673125064,510.4665589080515,-4.682991595545104
53,26,High,action_bias_stage1,508.4213204313675,513.4293962600966,-5.0080758287290905
54,22,High,action_bias_stage1,466.44948354053804,471.7474512804654,-5.297967739927344
55,13,Medium,action_bias_stage1,468.24016907398203,468.2746723588203,-0.0345032848382516
56,8,Low,action_bias_stage1,395.6738351113202,394.16235581102717,1.511479300293047
57,9,Low,action_bias_stage1,528.057924821279,525.3009915772569,2.7569332440220933
58,3,Low,action_bias_stage1,540.1839392853743,533.4423683987621,6.74157088661218
59,21,High,action_bias_stage1,410.0684536964898,376.2092259938669,33.859227702622945
60,4,Low,action_bias_stage1,546.0317413255011,551.3067339065236,-5.274992581022502
61,17,Medium,action_bias_stage1,494.49846264384996,499.6814766984511,-5.183014054601131
62,30,High,action_bias_stage1,285.6730430954457,167.70848631018606,117.96455678525962
63,23,High,action_bias_stage1,517.6166351202978,522.9130827614496,-5.296447641151758
64,13,Medium,action_bias_stage1,527.4555236565693,478.00762930930375,49.44789434726556
65,6,Low,action_bias_stage1,559.569201578173,551.9425923617048,7.626609216468182
66,13,Medium,action_bias_stage1,522.2654660932385,519.8426485538357,2.4228175394027858
67,15,Medium,action_bias_stage1,517.483988678761,522.061319462925,-4.577330784164019
68,28,High,action_bias_stage1,364.6318809511943,366.46395234274337,-1.83207139154905
69,37,High,action_bias_stage1,435.1059833362058,438.88400202609114,-3.778018689885357
70,4,Low,action_bias_stage1,401.4913751114793,396.464147010742,5.027228100737261
71,7,Low,action_bias_stage1,409.912864877297,359.32230519840255,50.590559678894465
72,7,Low,action_bias_stage1,379.8383722813763,382.21150907269356,-2.373136791317279
73,26,High,action_bias_stage1,500.9499726072388,505.33888005591905,-4.388907448680243
74,17,Medium,action_bias_stage1,406.9189964216758,408.9213733228547,-2.002376901178934
75,8,Low,action_bias_stage1,513.7062844380777,518.9802883186817,-5.2740038806040275
76,24,High,action_bias_stage1,436.7082876254407,433.35173075355976,3.356556871880912
77,38,High,action_bias_stage1,493.30074301103156,484.4505454453179,8.850197565713643
78,5,Low,action_bias_stage1,345.0213345319104,348.39942958089995,-3.3780950489895645
79,34,High,action_bias_stage1,507.7261909526709,510.28014578002654,-2.5539548273556534
80,9,Low,action_bias_stage1,508.4223589157186,513.0504558827423,-4.628096967023737
81,8,Low,action_bias_stage1,493.223256503132,481.8609485748271,11.362307928304915
82,6,Low,action_bias_stage1,504.98197162970706,510.27939478417926,-5.297423154472199
83,22,High,action_bias_stage1,534.034163289051,458.0476872234338,75.98647606561718
84,23,High,action_bias_stage1,386.6526469134294,362.6753838466593,23.977263066770092
85,15,Medium,action_bias_stage1,396.4536417313451,400.07481846249067,-3.6211767311455674
86,10,Medium,action_bias_stage1,500.18593405176125,504.3897159540135,-4.203781902252274
87,9,Low,action_bias_stage1,426.0077165988269,423.37192279946316,2.6357937993637393
88,22,High,action_bias_stage1,478.82908514640036,361.18149786079385,117.6475872856065
89,10,Medium,action_bias_stage1,540.5410889055739,531.5812331642381,8.959855741335787
90,2,Low,action_bias_stage1,502.34177812237334,501.7292708734952,0.6125072488781598
91,14,Medium,action_bias_stage1,500.2419945995371,503.0286406871016,-2.7866460875644634
92,28,High,action_bias_stage1,497.6705608094208,502.5737495521,-4.90318874267922
93,10,Medium,action_bias_stage1,518.9135031813294,515.1336858068224,3.7798173745069334
94,13,Medium,action_bias_stage1,534.2535524739801,529.0504008864852,5.203151587494858
95,7,Low,action_bias_stage1,503.13721107717873,507.1049795208497,-3.967768443670991
96,11,Medium,action_bias_stage1,382.8321662489237,383.0837158719656,-0.25154962304185347
97,4,Low,action_bias_stage1,556.7966128567331,561.366757994462,-4.5701451377289
98,13,Medium,action_bias_stage1,431.8268568719677,434.8618130669692,-3.0349561950014845
99,31,High,action_bias_stage1,527.7575090938724,518.5495386660053,9.207970427867053
100,8,Low,action_bias_stage1,496.53583496340434,483.2444852572222,13.291349706182132
101,20,High,action_bias_stage1,527.9357863065195,530.558302163407,-2.622515856887503
102,7,Low,action_bias_stage1,343.2752525303871,306.2371487812845,37.03810374910262
103,38,High,action_bias_stage1,371.9885043946891,373.95165885011403,-1.9631544554249558
104,10,Medium,action_bias_stage1,457.30370016671156,414.05245481692805,43.25124534978352
105,8,Low,action_bias_stage1,551.463533928406,556.6840190888365,-5.220485160430485
106,19,High,action_bias_stage1,452.8290214560761,411.05781151301926,41.77120994305682
107,10,Medium,action_bias_stage1,503.3873377620501,439.6048284959771,63.78250926607302
108,17,Medium,action_bias_stage1,554.9147142936354,557.825834792895,-2.911120499259596
109,52,High,action_bias_stage1,549.6447731076936,496.1794725157752,53.46530059191838
110,12,Medium,action_bias_stage1,543.3894681185491,548.5208805935342,-5.131412474985154
111,36,High,action_bias_stage1,491.98487080506465,481.3544223870299,10.630448418034746
112,13,Medium,action_bias_stage1,500.7569806361493,504.76405779763354,-4.007077161484233
113,32,High,action_bias_stage1,452.09287035867095,404.91149401381494,47.181376344856005
114,9,Low,action_bias_stage1,490.4092301902283,478.76399354145065,11.645236648777654
115,13,Medium,action_bias_stage1,499.42083605153806,353.50326514354697,145.9175709079911
116,23,High,action_bias_stage1,477.18558962751905,482.26611990540704,-5.080530277887988
117,34,High,action_bias_stage1,498.38851986371293,491.7388489549646,6.6496709087483055
118,9,Low,action_bias_stage1,524.2427457722627,528.2793819144684,-4.0366361422057935
119,21,High,action_bias_stage1,468.9321557087625,462.153843918426,6.778311790336488
120,5,Low,action_bias_stage1,506.9060789149547,479.81706557749317,27.08901333746155
121,15,Medium,action_bias_stage1,491.3290720096266,496.47690426883054,-5.147832259203938
122,18,Medium,action_bias_stage1,463.53665749481627,459.05535199503043,4.481305499785833
123,3,Low,action_bias_stage1,474.6212245583926,479.8902671001002,-5.269042541707563
124,30,High,action_bias_stage1,465.7368275514324,441.4350863292116,24.301741222220812
125,42,High,action_bias_stage1,561.3756554059855,563.4867692099899,-2.1111138040043897
126,14,Medium,action_bias_stage1,424.8741891894545,428.26165846689145,-3.387469277436935
127,21,High,action_bias_stage1,513.0851062033057,517.893193890935,-4.808087687629268
128,9,Low,action_bias_stage1,426.52582118339177,358.1162592981485,68.40956188524325
129,7,Low,action_bias_stage1,477.50374136447385,482.1473259197404,-4.643584555266557
130,4,Low,action_bias_stage1,398.7184713838577,393.274891650125,5.44357973373269
131,11,Medium,action_bias_stage1,538.9614591818611,543.462879816481,-4.501420634619876
132,3,Low,action_bias_stage1,483.5022236515379,469.33685588473406,14.165367766803854
133,4,Low,action_bias_stage1,546.4149066613379,521.3692631755862,25.045643485751725
134,6,Low,action_bias_stage1,515.99227931272,519.2937692990347,-3.301489986314664
135,13,Medium,action_bias_stage1,488.27091333104516,491.33692180037156,-3.066008469326391
136,16,Medium,action_bias_stage1,433.905235859925,401.0455345441428,32.85970131578222
137,27,High,action_bias_stage1,503.2465856988118,503.3407963826836,-0.09421068387177911
138,21,High,action_bias_stage1,402.27364757709773,407.5251362471553,-5.25148867005754
139,8,Low,action_bias_stage1,500.3511573769593,499.66739920764076,0.6837581693185371
140,17,Medium,action_bias_stage1,407.0475437552921,399.63616923879005,7.411374516502065
141,7,Low,action_bias_stage1,436.08564273204877,439.84441732371243,-3.7587745916636663
142,14,Medium,action_bias_stage1,318.571242054234,415.39947143740346,-96.82822938316946
143,4,Low,action_bias_stage1,464.7170382745055,444.8375227813275,19.87951549317802
144,18,Medium,action_bias_stage1,491.5567544682888,495.5460010044754,-3.989246536186613
145,18,Medium,action_bias_stage1,410.23236678667496,409.3706670330136,0.8616997536613553
146,22,High,action_bias_stage1,511.30229438444593,495.726994645596,15.575299738849935
147,18,Medium,action_bias_stage1,515.6387635913798,519.0235863140086,-3.3848227226288827
148,19,High,action_bias_stage1,449.97301600022814,433.3557758494614,16.617240150766747
149,21,High,action_bias_stage1,455.65029099558234,459.0434633933959,-3.3931723978135437
0,23,High,transition_dependent_perseveration,394.69002401574505,321.60053951170505,73.08948450404
1,11,Medium,transition_dependent_perseveration,507.3437557895143,434.33353720042237,73.01021858909195
2,30,High,transition_dependent_perseveration,500.0378235007715,432.7875743614464,67.25024913932509
3,37,High,transition_dependent_perseveration,427.50000747457807,185.20337408483908,242.296633389739
4,22,High,transition_dependent_perseveration,526.705444335216,483.84790527850697,42.85753905670907
5,8,Low,transition_dependent_perseveration,556.177972218536,525.3856853109911,30.79228690754485
6,54,High,transition_dependent_perseveration,342.8820638416101,266.0182618438146,76.86380199779546
7,34,High,transition_dependent_perseveration,547.3614425838853,534.4181716418717,12.943270942013555
8,45,High,transition_dependent_perseveration,518.7714238766288,508.78202343912886,9.98940043749991
9,22,High,transition_dependent_perseveration,498.51071641499254,464.3882470568805,34.12246935811203
10,12,Medium,transition_dependent_perseveration,510.56038996354596,463.0784301364904,47.48195982705556
11,9,Low,transition_dependent_perseveration,556.6585435658869,358.0200413354782,198.63850223040873
12,34,High,transition_dependent_perseveration,476.3330117454608,391.3645332764679,84.96847846899288
13,12,Medium,transition_dependent_perseveration,476.39079701300983,411.36681391836953,65.0239830946403
14,26,High,transition_dependent_perseveration,505.42524685955283,342.22681121566507,163.19843564388776
15,16,Medium,transition_dependent_perseveration,532.3343622192136,491.4516525533749,40.88270966583872
16,7,Low,transition_dependent_perseveration,464.4142109610313,348.20065254004606,116.21355842098524
17,31,High,transition_dependent_perseveration,547.5253027297616,554.0830585138154,-6.557755784053825
18,18,Medium,transition_dependent_perseveration,504.5464868290375,446.92274685253824,57.62373997649928
19,12,Medium,transition_dependent_perseveration,521.7773432681328,385.05446884154975,136.72287442658302
20,8,Low,transition_dependent_perseveration,549.0220715887646,559.0597423657197,-10.03767077695511
21,43,High,transition_dependent_perseveration,522.3604810475721,506.5281400100713,15.832341037500782
22,28,High,transition_dependent_perseveration,537.1838300842356,488.8205363440662,48.36329374016941
23,18,Medium,transition_dependent_perseveration,507.8378047556364,492.480092053279,15.35771270235739
24,1,Low,transition_dependent_perseveration,468.35429360711515,405.73239376317173,62.621899843943424
25,10,Medium,transition_dependent_perseveration,528.2706370701143,525.2692099330937,3.001427137020528
26,16,Medium,transition_dependent_perseveration,501.2475576812067,365.0395080709409,136.2080496102658
27,36,High,transition_dependent_perseveration,478.3221080002702,427.6989588325156,50.623149167754605
28,37,High,transition_dependent_perseveration,460.1620755841282,260.82236775668287,199.33970782744535
29,7,Low,transition_dependent_perseveration,443.0139609328264,294.11713066819334,148.89683026463308
30,5,Low,transition_dependent_perseveration,520.070113553894,491.95924092733287,28.110872626561104
31,1,Low,transition_dependent_perseveration,497.8686875451803,354.86562594884145,143.00306159633885
32,7,Low,transition_dependent_perseveration,535.5532338392533,373.9184239076708,161.63480993158248
33,1,Low,transition_dependent_perseveration,415.85812221672376,316.3684694180557,99.48965279866803
34,5,Low,transition_dependent_perseveration,520.4789992191611,349.79641724211507,170.68258197704603
35,13,Medium,transition_dependent_perseveration,470.7447630198508,451.43027297060013,19.31449004925065
36,14,Medium,transition_dependent_perseveration,523.1691057545981,493.0890149846205,30.08009076997763
37,18,Medium,transition_dependent_perseveration,513.5837745561458,496.2152601263173,17.368514429828565
38,15,Medium,transition_dependent_perseveration,499.3817083459795,462.2119031976913,37.16980514828822
39,1,Low,transition_dependent_perseveration,404.9756237629317,280.0678615644251,124.90776219850665
40,26,High,transition_dependent_perseveration,494.7485348044421,396.46864880449175,98.27988599995035
41,18,Medium,transition_dependent_perseveration,462.43395018158526,264.8948007829905,197.53914939859476
42,7,Low,transition_dependent_perseveration,428.26186052352506,349.81116857962115,78.4506919439039
43,18,Medium,transition_dependent_perseveration,495.3485742341742,334.3809145191648,160.9676597150094
44,10,Medium,transition_dependent_perseveration,417.11205494004344,351.02596119939477,66.08609374064866
45,2,Low,transition_dependent_perseveration,455.4212812669507,296.2886155496409,159.1326657173098
46,14,Medium,transition_dependent_perseveration,507.62974592490394,487.8946879691096,19.735057955794332
47,2,Low,transition_dependent_perseveration,494.18629806878766,357.06892994033467,137.117368128453
48,8,Low,transition_dependent_perseveration,476.8474316165261,394.3492610534999,82.49817056302618
49,8,Low,transition_dependent_perseveration,536.6557085813652,511.87409748646814,24.781611094897016
50,28,High,transition_dependent_perseveration,461.46948420161715,368.2244887303819,93.24499547123526
51,12,Medium,transition_dependent_perseveration,408.95066417800786,380.9427160976939,28.007948080313952
52,11,Medium,transition_dependent_perseveration,505.7835673125064,457.6692209470459,48.114346365460506
53,26,High,transition_dependent_perseveration,508.4213204313675,507.4342745353995,0.9870458959680377
54,22,High,transition_dependent_perseveration,466.44948354053804,391.81958283161595,74.6299007089221
55,13,Medium,transition_dependent_perseveration,468.24016907398203,293.82721728738966,174.41295178659237
56,8,Low,transition_dependent_perseveration,395.6738351113202,323.6625223135087,72.01131279781151
57,9,Low,transition_dependent_perseveration,528.057924821279,450.553917019959,77.50400780132003
58,3,Low,transition_dependent_perseveration,540.1839392853743,534.2358325668761,5.948106718498252
59,21,High,transition_dependent_perseveration,410.0684536964898,322.05329323605866,88.01516046043116
60,4,Low,transition_dependent_perseveration,546.0317413255011,542.4055024222384,3.6262389032626743
61,17,Medium,transition_dependent_perseveration,494.49846264384996,453.9273275846525,40.571135059197445
62,30,High,transition_dependent_perseveration,285.6730430954457,171.37632615231763,114.29671694312805
63,23,High,transition_dependent_perseveration,517.6166351202978,465.62751031959743,51.98912480070038
64,13,Medium,transition_dependent_perseveration,527.4555236565693,285.70298110532696,241.75254255124236
65,6,Low,transition_dependent_perseveration,559.569201578173,485.66969797471387,73.8995036034591
66,13,Medium,transition_dependent_perseveration,522.2654660932385,406.3823030352488,115.88316305798969
67,15,Medium,transition_dependent_perseveration,517.483988678761,391.19290787264725,126.29108080611371
68,28,High,transition_dependent_perseveration,364.6318809511943,237.49813022723546,127.13375072395885
69,37,High,transition_dependent_perseveration,435.1059833362058,274.53874334790936,160.56723998829642
70,4,Low,transition_dependent_perseveration,401.4913751114793,339.86091249679424,61.63046261468503
71,7,Low,transition_dependent_perseveration,409.912864877297,282.7431156325433,127.16974924475369
72,7,Low,transition_dependent_perseveration,379.8383722813763,335.4732007808917,44.365171500484564
73,26,High,transition_dependent_perseveration,500.9499726072388,494.7613394768938,6.188633130345011
74,17,Medium,transition_dependent_perseveration,406.9189964216758,337.9238159083067,68.99518051336906
75,8,Low,transition_dependent_perseveration,513.7062844380777,487.68158568267506,26.024698755402596
76,24,High,transition_dependent_perseveration,436.7082876254407,358.10733139117116,78.60095623426952
77,38,High,transition_dependent_perseveration,493.30074301103156,442.62715678969676,50.6735862213348
78,5,Low,transition_dependent_perseveration,345.0213345319104,303.11964759255244,41.901686939357944
79,34,High,transition_dependent_perseveration,507.7261909526709,503.87278236443325,3.8534085882376417
80,9,Low,transition_dependent_perseveration,508.4223589157186,431.84305200261616,76.57930691310241
81,8,Low,transition_dependent_perseveration,493.223256503132,384.71650273738805,108.50675376574395
82,6,Low,transition_dependent_perseveration,504.98197162970706,495.033631048111,9.948340581596085
83,22,High,transition_dependent_perseveration,534.034163289051,442.20011053785566,91.83405275119532
84,23,High,transition_dependent_perseveration,386.6526469134294,327.2463850117275,59.406261901701896
85,15,Medium,transition_dependent_perseveration,396.4536417313451,371.01816418680653,25.43547754453857
86,10,Medium,transition_dependent_perseveration,500.18593405176125,369.05304600454804,131.1328880472132
87,9,Low,transition_dependent_perseveration,426.0077165988269,385.61455244339896,40.39316415542794
88,22,High,transition_dependent_perseveration,478.82908514640036,383.21444339409794,95.61464175230242
89,10,Medium,transition_dependent_perseveration,540.5410889055739,521.6340917293724,18.90699717620157
90,2,Low,transition_dependent_perseveration,502.34177812237334,337.88234097220993,164.4594371501634
91,14,Medium,transition_dependent_perseveration,500.2419945995371,487.78168306744595,12.460311532091168
92,28,High,transition_dependent_perseveration,497.6705608094208,483.97518476310995,13.695376046310855
93,10,Medium,transition_dependent_perseveration,518.9135031813294,468.25698796942976,50.6565152118996
94,13,Medium,transition_dependent_perseveration,534.2535524739801,486.8438631725365,47.40968930144362
95,7,Low,transition_dependent_perseveration,503.13721107717873,450.90205299684703,52.2351580803317
96,11,Medium,transition_dependent_perseveration,382.8321662489237,231.57595205302252,151.2562141959012
97,4,Low,transition_dependent_perseveration,556.7966128567331,552.8595298615182,3.937082995214837
98,13,Medium,transition_dependent_perseveration,431.8268568719677,362.21591147142766,69.61094540054006
99,31,High,transition_dependent_perseveration,527.7575090938724,445.41542382719655,82.34208526667584
100,8,Low,transition_dependent_perseveration,496.53583496340434,385.3847243812122,111.15111058219213
101,20,High,transition_dependent_perseveration,527.9357863065195,435.5703594666672,92.36542683985232
102,7,Low,transition_dependent_perseveration,343.2752525303871,249.62121483199314,93.65403769839395
103,38,High,transition_dependent_perseveration,371.9885043946891,293.2066308370761,78.78187355761298
104,10,Medium,transition_dependent_perseveration,457.30370016671156,313.0203151325542,144.2833850341574
105,8,Low,transition_dependent_perseveration,551.463533928406,559.5098953550072,-8.046361426601152
106,19,High,transition_dependent_perseveration,452.8290214560761,336.04750121502775,116.78152024104833
107,10,Medium,transition_dependent_perseveration,503.3873377620501,426.4010242093402,76.98631355270987
108,17,Medium,transition_dependent_perseveration,554.9147142936354,565.4795987768648,-10.564884483229434
109,52,High,transition_dependent_perseveration,549.6447731076936,436.5786081101992,113.06616499749441
110,12,Medium,transition_dependent_perseveration,543.3894681185491,478.48913012678497,64.9003379917641
111,36,High,transition_dependent_perseveration,491.98487080506465,453.590741930064,38.39412887500066
112,13,Medium,transition_dependent_perseveration,500.7569806361493,453.15879472810525,47.59818590804406
113,32,High,transition_dependent_perseveration,452.09287035867095,278.4084965975346,173.68437376113633
114,9,Low,transition_dependent_perseveration,490.4092301902283,365.3042823200382,125.10494787019007
115,13,Medium,transition_dependent_perseveration,499.42083605153806,334.5096758886137,164.91116016292438
116,23,High,transition_dependent_perseveration,477.18558962751905,441.69585993895964,35.48972968855941
117,34,High,transition_dependent_perseveration,498.38851986371293,434.98699703020736,63.40152283350557
118,9,Low,transition_dependent_perseveration,524.2427457722627,511.40547616753156,12.837269604731091
119,21,High,transition_dependent_perseveration,468.9321557087625,331.9330807206979,136.9990749880646
120,5,Low,transition_dependent_perseveration,506.9060789149547,488.2124570569925,18.693621857962228
121,15,Medium,transition_dependent_perseveration,491.3290720096266,392.7336160398962,98.59545596973038
122,18,Medium,transition_dependent_perseveration,463.53665749481627,310.09022013995667,153.4464373548596
123,3,Low,transition_dependent_perseveration,474.6212245583926,435.57724398237247,39.04398057602015
124,30,High,transition_dependent_perseveration,465.7368275514324,413.5943478901662,52.14247966126618
125,42,High,transition_dependent_perseveration,561.3756554059855,566.254132122054,-4.878476716068462
126,14,Medium,transition_dependent_perseveration,424.8741891894545,235.1399762447593,189.7342129446952
127,21,High,transition_dependent_perseveration,513.0851062033057,384.41857314005136,128.66653306325435
128,9,Low,transition_dependent_perseveration,426.52582118339177,177.53829007947084,248.98753110392093
129,7,Low,transition_dependent_perseveration,477.50374136447385,415.37605708536756,62.12768427910629
130,4,Low,transition_dependent_perseveration,398.7184713838577,188.33875660507633,210.3797147787814
131,11,Medium,transition_dependent_perseveration,538.9614591818611,331.9197111078231,207.04174807403797
132,3,Low,transition_dependent_perseveration,483.5022236515379,399.5080948395903,83.99412881194763
133,4,Low,transition_dependent_perseveration,546.4149066613379,308.8134691777899,237.601437483548
134,6,Low,transition_dependent_perseveration,515.99227931272,388.6931841810618,127.29909513165825
135,13,Medium,transition_dependent_perseveration,488.27091333104516,421.2808170669141,66.99009626413107
136,16,Medium,transition_dependent_perseveration,433.905235859925,316.0496910209539,117.85554483897113
137,27,High,transition_dependent_perseveration,503.2465856988118,502.79233586503136,0.4542498337804659
138,21,High,transition_dependent_perseveration,402.27364757709773,192.57722427078485,209.69642330631288
139,8,Low,transition_dependent_perseveration,500.3511573769593,316.87025102284815,183.48090635411114
140,17,Medium,transition_dependent_perseveration,407.0475437552921,308.071523201255,98.97602055403712
141,7,Low,transition_dependent_perseveration,436.08564273204877,395.58047287460164,40.50516985744713
142,14,Medium,transition_dependent_perseveration,318.571242054234,336.5099888412748,-17.93874678704077
143,4,Low,transition_dependent_perseveration,464.7170382745055,327.1561304930039,137.5609077815016
144,18,Medium,transition_dependent_perseveration,491.5567544682888,323.25734270228287,168.2994117660059
145,18,Medium,transition_dependent_perseveration,410.23236678667496,261.3780485649109,148.85431822176406
146,22,High,transition_dependent_perseveration,511.30229438444593,369.87338874819375,141.42890563625218
147,18,Medium,transition_dependent_perseveration,515.6387635913798,412.2193608184981,103.41940277288165
148,19,High,transition_dependent_perseveration,449.97301600022814,333.09502653044456,116.87798946978359
149,21,High,transition_dependent_perseveration,455.65029099558234,320.20497266522136,135.44531833036098
0,23,High,shared_stickiness,394.69002401574505,366.76975329106926,27.920270724675788
1,11,Medium,shared_stickiness,507.3437557895143,461.7431880290828,45.600567760431545
2,30,High,shared_stickiness,500.0378235007715,455.0594714850933,44.97835201567818
3,37,High,shared_stickiness,427.50000747457807,216.76994668195618,210.73006079262188
4,22,High,shared_stickiness,526.705444335216,487.8475238945041,38.85792044071195
5,8,Low,shared_stickiness,556.177972218536,527.5522162182367,28.625756000299248
6,54,High,shared_stickiness,342.8820638416101,263.47162925163127,79.41043458997882
7,34,High,shared_stickiness,547.3614425838853,537.4726274827096,9.888815101175624
8,45,High,shared_stickiness,518.7714238766288,490.79468100398907,27.976742872639704
9,22,High,shared_stickiness,498.51071641499254,477.53202050899625,20.97869590599629
10,12,Medium,shared_stickiness,510.56038996354596,461.3689075083003,49.19148245524565
11,9,Low,shared_stickiness,556.6585435658869,195.72317148982694,360.93537207606
12,34,High,shared_stickiness,476.3330117454608,418.31955104828074,58.01346069718005
13,12,Medium,shared_stickiness,476.39079701300983,435.16799392201426,41.22280309099557
14,26,High,shared_stickiness,505.42524685955283,370.1896999188356,135.23554694071726
15,16,Medium,shared_stickiness,532.3343622192136,495.99675746057136,36.33760475864227
16,7,Low,shared_stickiness,464.4142109610313,377.04290224050914,87.37130872052217
17,31,High,shared_stickiness,547.5253027297616,551.5207946617186,-3.9954919319569626
18,18,Medium,shared_stickiness,504.5464868290375,469.81418075683865,34.73230607219887
19,12,Medium,shared_stickiness,521.7773432681328,467.10293178157025,54.67441148656252
20,8,Low,shared_stickiness,549.0220715887646,552.7773774682627,-3.75530587949811
21,43,High,shared_stickiness,522.3604810475721,485.0105869667079,37.3498940808642
22,28,High,shared_stickiness,537.1838300842356,495.5515174627979,41.632312621437734
23,18,Medium,shared_stickiness,507.8378047556364,495.2665049782096,12.571299777426816
24,1,Low,shared_stickiness,468.35429360711515,428.0784822296799,40.275811377435275
25,10,Medium,shared_stickiness,528.2706370701143,523.0709717415797,5.199665328534593
26,16,Medium,shared_stickiness,501.2475576812067,386.0290200260809,115.21853765512577
27,36,High,shared_stickiness,478.3221080002702,439.57006439923845,38.752043601031744
28,37,High,shared_stickiness,460.1620755841282,344.7294897349429,115.43258584918533
29,7,Low,shared_stickiness,443.0139609328264,321.805394832712,121.20856610011441
30,5,Low,shared_stickiness,520.070113553894,491.50197739929996,28.568136154594015
31,1,Low,shared_stickiness,497.8686875451803,387.24001751336704,110.62867003181327
32,7,Low,shared_stickiness,535.5532338392533,421.44521779923116,114.10801604002211
33,1,Low,shared_stickiness,415.85812221672376,360.12537127189756,55.73275094482619
34,5,Low,shared_stickiness,520.4789992191611,444.95727656496655,75.52172265419455
35,13,Medium,shared_stickiness,470.7447630198508,428.50076095781765,42.24400206203313
36,14,Medium,shared_stickiness,523.1691057545981,509.16164784136606,14.007457913232088
37,18,Medium,shared_stickiness,513.5837745561458,495.0354161452156,18.548358410930234
38,15,Medium,shared_stickiness,499.3817083459795,483.4920396465367,15.889668699442836
39,1,Low,shared_stickiness,404.9756237629317,320.3128219236196,84.66280183931212
40,26,High,shared_stickiness,494.7485348044421,429.43817549087834,65.31035931356377
41,18,Medium,shared_stickiness,462.43395018158526,371.740622269235,90.69332791235024
42,7,Low,shared_stickiness,428.26186052352506,392.5515385897577,35.710321933767375
43,18,Medium,shared_stickiness,495.3485742341742,368.38103858813156,126.96753564604262
44,10,Medium,shared_stickiness,417.11205494004344,352.90821021193955,64.20384472810389
45,2,Low,shared_stickiness,455.4212812669507,377.10538162392453,78.31589964302617
46,14,Medium,shared_stickiness,507.62974592490394,488.1452493927677,19.484496532136234
47,2,Low,shared_stickiness,494.18629806878766,395.2588894374245,98.92740863136316
48,8,Low,shared_stickiness,476.8474316165261,444.7946030471237,32.05282856940238
49,8,Low,shared_stickiness,536.6557085813652,522.5303193118403,14.125389269524817
50,28,High,shared_stickiness,461.46948420161715,422.11546366015943,39.354020541457714
51,12,Medium,shared_stickiness,408.95066417800786,411.4752778920688,-2.5246137140609335
52,11,Medium,shared_stickiness,505.7835673125064,495.83242999677304,9.951137315733376
53,26,High,shared_stickiness,508.4213204313675,510.6826071047067,-2.261286673339157
54,22,High,shared_stickiness,466.44948354053804,366.2739743791958,100.17550916134223
55,13,Medium,shared_stickiness,468.24016907398203,371.91007488674524,96.3300941872368
56,8,Low,shared_stickiness,395.6738351113202,357.99677884637225,37.677056264947964
57,9,Low,shared_stickiness,528.057924821279,439.0211121109162,89.03681271036282
58,3,Low,shared_stickiness,540.1839392853743,549.5456375250654,-9.361698239691123
59,21,High,shared_stickiness,410.0684536964898,364.32525608606295,45.743197610426876
60,4,Low,shared_stickiness,546.0317413255011,546.3898416981591,-0.35810037265798655
61,17,Medium,shared_stickiness,494.49846264384996,461.34281087431935,33.15565176953061
62,30,High,shared_stickiness,285.6730430954457,186.55192949995129,99.12111359549439
63,23,High,shared_stickiness,517.6166351202978,480.8791634348289,36.737471685468904
64,13,Medium,shared_stickiness,527.4555236565693,378.78808392860293,148.66743972796638
65,6,Low,shared_stickiness,559.569201578173,524.3995926346315,35.16960894354145
66,13,Medium,shared_stickiness,522.2654660932385,465.66872377801513,56.596742315223366
67,15,Medium,shared_stickiness,517.483988678761,427.681812262255,89.80217641650597
68,28,High,shared_stickiness,364.6318809511943,203.0263421178392,161.60553883335513
69,37,High,shared_stickiness,435.1059833362058,315.0278012306918,120.07818210551397
70,4,Low,shared_stickiness,401.4913751114793,383.94996761159564,17.541407499883633
71,7,Low,shared_stickiness,409.912864877297,340.0333600796935,69.87950479760349
72,7,Low,shared_stickiness,379.8383722813763,369.81730600745254,10.021066273923736
73,26,High,shared_stickiness,500.9499726072388,501.2084653661303,-0.2584927588915207
74,17,Medium,shared_stickiness,406.9189964216758,352.55566656673096,54.36332985494482
75,8,Low,shared_stickiness,513.7062844380777,502.75244768097707,10.95383675710059
76,24,High,shared_stickiness,436.7082876254407,385.3451499871058,51.36313763833488
77,38,High,shared_stickiness,493.30074301103156,448.31661892158775,44.98412408944381
78,5,Low,shared_stickiness,345.0213345319104,342.97388623813447,2.047448293775915
79,34,High,shared_stickiness,507.7261909526709,512.4797227378422,-4.753531785171276
80,9,Low,shared_stickiness,508.4223589157186,471.9883684135907,36.43399050212787
81,8,Low,shared_stickiness,493.223256503132,422.08554757348924,71.13770892964277
82,6,Low,shared_stickiness,504.98197162970706,498.52263534267274,6.4593362870343185
83,22,High,shared_stickiness,534.034163289051,495.9471691543734,38.08699413467758
84,23,High,shared_stickiness,386.6526469134294,348.50654932254554,38.14609759088387
85,15,Medium,shared_stickiness,396.4536417313451,391.4982596571576,4.955382074187526
86,10,Medium,shared_stickiness,500.18593405176125,444.46263042109604,55.723303630665214
87,9,Low,shared_stickiness,426.0077165988269,399.3141198978068,26.693596701020113
88,22,High,shared_stickiness,478.82908514640036,457.33228257740154,21.496802568998817
89,10,Medium,shared_stickiness,540.5410889055739,518.0610892385336,22.479999667040374
90,2,Low,shared_stickiness,502.34177812237334,400.4274554785666,101.91432264380671
91,14,Medium,shared_stickiness,500.2419945995371,474.2399694721498,26.0020251273873
92,28,High,shared_stickiness,497.6705608094208,488.0432026110267,9.62735819839412
93,10,Medium,shared_stickiness,518.9135031813294,477.39743802211916,41.5160651592102
94,13,Medium,shared_stickiness,534.2535524739801,500.4489730512637,33.804579422716415
95,7,Low,shared_stickiness,503.13721107717873,476.0519992208394,27.085211856339356
96,11,Medium,shared_stickiness,382.8321662489237,285.16001900154913,97.6721472473746
97,4,Low,shared_stickiness,556.7966128567331,526.5425656116561,30.254047245077004
98,13,Medium,shared_stickiness,431.8268568719677,401.9843130755487,29.842543796419022
99,31,High,shared_stickiness,527.7575090938724,478.4424400055942,49.315069088278165
100,8,Low,shared_stickiness,496.53583496340434,432.0751086972353,64.46072626616905
101,20,High,shared_stickiness,527.9357863065195,469.09451451885377,58.84127178766573
102,7,Low,shared_stickiness,343.2752525303871,291.64053135382443,51.634721176562664
103,38,High,shared_stickiness,371.9885043946891,319.0798747569569,52.90862963773219
104,10,Medium,shared_stickiness,457.30370016671156,382.42605474926984,74.87764541744173
105,8,Low,shared_stickiness,551.463533928406,550.2941037268046,1.1694302016014717
106,19,High,shared_stickiness,452.8290214560761,310.6432931149493,142.18572834112678
107,10,Medium,shared_stickiness,503.3873377620501,463.38031843033616,40.007019331713934
108,17,Medium,shared_stickiness,554.9147142936354,558.6669755493756,-3.7522612557402226
109,52,High,shared_stickiness,549.6447731076936,516.9358363573608,32.70893675033278
110,12,Medium,shared_stickiness,543.3894681185491,516.8153380701707,26.57413004837838
111,36,High,shared_stickiness,491.98487080506465,459.40815070048774,32.57672010457691
112,13,Medium,shared_stickiness,500.7569806361493,456.6924295423135,44.0645510938358
113,32,High,shared_stickiness,452.09287035867095,299.5687328757879,152.52413748288308
114,9,Low,shared_stickiness,490.4092301902283,384.647462516694,105.76176767353428
115,13,Medium,shared_stickiness,499.42083605153806,406.25887883460854,93.16195721692952
116,23,High,shared_stickiness,477.18558962751905,454.37514412225653,22.81044550526252
117,34,High,shared_stickiness,498.38851986371293,463.09328148075565,35.29523838295728
118,9,Low,shared_stickiness,524.2427457722627,509.39692508050365,14.845820691759002
119,21,High,shared_stickiness,468.9321557087625,360.251311056486,108.6808446522765
120,5,Low,shared_stickiness,506.9060789149547,502.37937544149725,4.526703473457474
121,15,Medium,shared_stickiness,491.3290720096266,452.4998074385442,38.829264571082376
122,18,Medium,shared_stickiness,463.53665749481627,367.70941014944646,95.82724734536981
123,3,Low,shared_stickiness,474.6212245583926,458.5630387242141,16.058185834178516
124,30,High,shared_stickiness,465.7368275514324,383.00735981225733,82.72946773917505
125,42,High,shared_stickiness,561.3756554059855,566.0680411580912,-4.692385752105679
126,14,Medium,shared_stickiness,424.8741891894545,364.47999395613084,60.39419523332367
127,21,High,shared_stickiness,513.0851062033057,421.41337963855125,91.67172656475447
128,9,Low,shared_stickiness,426.52582118339177,164.38525257876137,262.1405686046304
129,7,Low,shared_stickiness,477.50374136447385,423.9288763678228,53.57486499665106
130,4,Low,shared_stickiness,398.7184713838577,211.05781154739176,187.66065983646595
131,11,Medium,shared_stickiness,538.9614591818611,400.3431991289607,138.61826005290038
132,3,Low,shared_stickiness,483.5022236515379,386.6104552617677,96.89176838977022
133,4,Low,shared_stickiness,546.4149066613379,434.25564968121665,112.15925698012126
134,6,Low,shared_stickiness,515.99227931272,451.1831439525207,64.80913536019932
135,13,Medium,shared_stickiness,488.27091333104516,396.8513189403551,91.41959439069007
136,16,Medium,shared_stickiness,433.905235859925,360.80975770296556,73.09547815695947
137,27,High,shared_stickiness,503.2465856988118,498.11986971184353,5.126715986968293
138,21,High,shared_stickiness,402.27364757709773,294.97127451645986,107.30237306063788
139,8,Low,shared_stickiness,500.3511573769593,389.6522202220497,110.69893715490957
140,17,Medium,shared_stickiness,407.0475437552921,369.2520064167402,37.795537338551924
141,7,Low,shared_stickiness,436.08564273204877,412.20866408552973,23.876978646519035
142,14,Medium,shared_stickiness,318.571242054234,233.86244356386968,84.70879849036433
143,4,Low,shared_stickiness,464.7170382745055,376.5845980247175,88.13244024978803
144,18,Medium,shared_stickiness,491.5567544682888,358.86966890481034,132.68708556347843
145,18,Medium,shared_stickiness,410.23236678667496,299.6972079774931,110.53515880918184
146,22,High,shared_stickiness,511.30229438444593,417.8985358322785,93.4037585521674
147,18,Medium,shared_stickiness,515.6387635913798,479.39558485257237,36.24317873880739
148,19,High,shared_stickiness,449.97301600022814,404.47948569381015,45.493530306417995
149,21,High,shared_stickiness,455.65029099558234,341.6435356928371,114.00675530274526
